app_id,income,dti,age,bureau_score,new_to_credit,recent_arrears,utilisation,hardship_flag,segment
1,33079.0,0.266,28,529.0,0,0,0.527,0,Value
2,20661.0,0.24,31,655.0,0,0,0.581,0,Core
3,38664.0,0.372,30,646.0,0,0,1.038,0,Core
4,41324.0,0.35,36,688.0,0,1,0.552,0,Value
5,15020.0,0.151,31,711.0,0,0,0.791,0,Value
6,18849.0,0.455,49,742.0,0,1,0.418,0,Core
7,31093.0,0.309,28,641.0,0,0,0.493,0,Value
8,26617.0,0.187,51,712.0,0,0,0.553,0,Value
9,29558.0,0.463,37,691.0,0,0,0.38,0,HighRisk
10,22058.0,0.395,54,586.0,0,0,0.505,0,Core
11,40449.0,0.168,46,785.0,0,0,0.745,0,Value
12,39036.0,0.533,65,601.0,0,0,0.374,0,Value
13,30428.0,0.399,42,703.0,0,0,0.55,0,Core
14,44114.0,0.319,35,701.0,0,0,0.706,0,Value
15,35018.0,0.511,49,695.0,0,0,0.369,0,Value
16,22010.0,0.339,53,653.0,0,0,0.791,0,Core
17,33829.0,0.317,42,725.0,0,0,0.566,0,Core
18,21256.0,0.241,48,594.0,0,0,0.514,0,Core
19,40435.0,0.39,44,676.0,0,0,0.108,0,Value
20,29218.0,0.377,35,649.0,1,0,0.468,0,Core
21,27870.0,0.322,36,643.0,0,0,0.632,0,Core
22,23428.0,0.225,65,704.0,0,0,0.934,0,Core
23,45610.0,0.336,54,739.0,0,0,0.675,0,Value
24,28167.0,0.312,25,661.0,1,0,0.798,0,Value
25,25593.0,0.16,68,723.0,0,1,0.284,0,Core
26,26285.0,0.143,55,683.0,1,1,0.522,0,Core
27,35822.0,0.388,23,631.0,1,0,0.819,0,Core
28,33790.0,0.05,56,666.0,0,0,0.355,0,Core
29,34353.0,0.345,49,664.0,0,0,0.762,0,Value
30,34572.0,0.263,65,642.0,0,0,0.711,0,Core
31,62917.0,0.477,44,704.0,0,0,0.61,0,Value
32,25790.0,0.261,46,693.0,0,0,0.478,0,Value
33,24853.0,0.399,36,593.0,0,0,0.333,0,HighRisk
34,22363.0,0.272,36,589.0,0,1,0.941,0,Core
35,36886.0,0.334,51,703.0,1,0,0.689,0,Core
36,44141.0,0.408,61,635.0,0,1,0.625,0,Core
37,28570.0,0.264,64,697.0,0,0,0.459,0,HighRisk
38,22158.0,0.44,58,723.0,0,0,0.558,0,Value
39,22280.0,0.201,50,610.0,0,0,0.586,0,Value
40,37336.0,0.355,45,602.0,0,0,0.638,0,Value
41,38566.0,0.431,37,772.0,0,0,0.712,0,Core
42,35958.0,0.399,58,699.0,0,0,0.378,0,Value
43,23554.0,0.55,36,657.0,0,0,0.227,0,Value
44,32249.0,0.228,34,629.0,0,0,0.569,1,Core
45,30972.0,0.155,63,652.0,0,0,0.166,0,HighRisk
46,32098.0,0.201,49,615.0,0,0,0.479,0,HighRisk
47,40336.0,0.399,38,729.0,1,0,0.438,0,HighRisk
48,32153.0,0.38,63,637.0,0,0,0.658,0,Value
49,37708.0,0.332,68,740.0,0,0,0.986,0,Core
50,30444.0,0.185,36,658.0,0,0,0.122,0,Value
51,32899.0,0.412,46,623.0,0,0,1.05,0,Core
52,37084.0,0.173,44,657.0,0,1,0.499,0,Value
53,17854.0,0.459,55,536.0,1,0,0.627,0,Core
54,26585.0,0.663,67,673.0,0,0,0.239,0,HighRisk
55,25219.0,0.364,47,671.0,0,0,0.769,0,Core
56,23775.0,0.39,60,725.0,0,0,0.559,0,Core
57,27003.0,0.261,50,576.0,0,0,0.536,0,Core
58,50173.0,0.103,64,744.0,1,0,0.124,0,Value
59,21960.0,0.248,40,725.0,0,0,0.566,0,Core
60,41727.0,0.189,39,749.0,0,0,0.736,0,Core
61,16498.0,0.146,41,677.0,0,1,0.498,0,Core
62,26444.0,0.527,69,736.0,0,0,0.808,0,Core
63,31475.0,0.353,50,599.0,0,0,0.799,0,HighRisk
64,36504.0,0.366,28,719.0,0,0,0.409,0,Core
65,38137.0,0.283,23,638.0,1,0,0.901,0,Core
66,39249.0,0.299,46,589.0,1,0,0.56,0,Core
67,26316.0,0.436,60,618.0,0,1,0.561,0,Core
68,25290.0,0.316,44,680.0,0,1,0.572,0,Core
69,40147.0,0.384,48,635.0,0,0,0.565,0,Core
70,27807.0,0.296,60,701.0,0,0,0.02,0,Core
71,19025.0,0.279,46,581.0,0,1,0.509,0,Core
72,19997.0,0.151,65,563.0,0,0,0.25,0,Core
73,21551.0,0.083,52,755.0,0,0,0.908,0,Value
74,35384.0,0.289,56,730.0,1,0,0.899,0,Core
75,31252.0,0.327,59,622.0,0,0,0.737,0,Value
76,37861.0,0.166,51,680.0,1,0,0.498,0,Value
77,25603.0,0.316,23,736.0,1,1,0.328,0,HighRisk
78,31429.0,0.326,41,703.0,0,0,0.405,0,Core
79,37010.0,0.061,27,688.0,1,0,0.977,0,Value
80,26682.0,0.21,46,740.0,0,0,0.398,0,HighRisk
81,34887.0,0.369,28,640.0,0,0,0.032,0,HighRisk
82,23584.0,0.366,45,682.0,0,0,0.777,0,Value
83,26185.0,0.182,37,679.0,0,0,0.88,0,Core
84,26014.0,0.339,21,665.0,1,1,0.915,1,HighRisk
85,19564.0,0.443,27,659.0,1,0,0.778,0,Value
86,35258.0,0.413,45,684.0,0,0,0.814,0,Core
87,25228.0,0.309,24,682.0,1,0,0.562,0,Core
88,29863.0,0.264,62,622.0,0,0,0.093,0,HighRisk
89,35181.0,0.244,58,724.0,0,0,0.556,0,Core
90,34762.0,0.376,55,626.0,0,1,0.687,0,Value
91,37530.0,0.343,29,668.0,0,0,0.52,1,Core
92,28725.0,0.396,59,664.0,0,0,0.51,0,Value
93,25638.0,0.336,52,700.0,0,0,0.338,0,Core
94,28915.0,0.418,40,563.0,0,0,0.33,0,Value
95,16472.0,0.331,21,729.0,1,0,0.954,0,Core
96,17917.0,0.414,46,643.0,0,0,0.962,0,HighRisk
97,18715.0,0.424,59,747.0,0,0,0.549,0,Core
98,20972.0,0.223,22,654.0,1,0,0.612,0,Core
99,34198.0,0.103,23,677.0,1,0,0.334,0,Core
100,21657.0,0.505,39,785.0,0,0,0.691,0,Core
101,26047.0,0.351,46,665.0,0,0,0.937,0,HighRisk
102,46851.0,0.114,44,748.0,0,0,0.214,0,Core
103,26247.0,0.234,41,682.0,0,0,0.652,0,Core
104,38489.0,0.413,33,703.0,0,0,0.669,0,Value
105,21445.0,0.286,23,684.0,1,0,0.666,0,Core
106,27670.0,0.259,22,727.0,1,0,0.911,0,Core
107,21322.0,0.488,25,642.0,1,0,0.998,0,Value
108,26406.0,0.194,54,626.0,0,1,0.499,0,Core
109,39899.0,0.224,59,645.0,0,0,0.698,0,Value
110,16243.0,0.345,42,685.0,1,0,0.569,0,Value
111,34615.0,0.367,24,668.0,1,1,0.411,0,Core
112,32312.0,0.38,41,719.0,0,0,0.61,0,Value
113,24150.0,0.429,69,752.0,0,0,0.698,0,HighRisk
114,17924.0,0.344,33,626.0,1,0,0.598,0,Core
115,30493.0,0.379,45,640.0,0,0,0.356,0,Value
116,24703.0,0.289,47,601.0,1,0,0.448,0,Core
117,32255.0,0.328,37,792.0,0,0,0.45,0,Core
118,29961.0,0.333,42,697.0,0,0,0.365,0,Value
119,52084.0,0.346,44,706.0,0,1,0.619,0,Core
120,27343.0,0.413,44,606.0,0,0,0.642,0,Core
121,20781.0,0.387,56,680.0,0,0,0.765,0,Core
122,31658.0,0.325,49,708.0,0,0,0.361,0,Value
123,32112.0,0.223,23,666.0,1,1,0.423,0,Value
124,47845.0,0.328,21,739.0,1,0,0.892,0,Core
125,39827.0,0.317,41,807.0,0,0,0.514,1,Core
126,33688.0,0.343,65,628.0,0,0,0.557,0,HighRisk
127,49620.0,0.585,22,624.0,1,0,0.511,0,Core
128,19613.0,0.257,24,632.0,1,0,0.799,0,Core
129,23768.0,0.371,54,768.0,0,0,0.808,0,Core
130,21498.0,0.448,43,737.0,0,1,0.795,0,Value
131,25941.0,0.332,32,673.0,0,1,0.556,0,Core
132,18364.0,0.601,31,682.0,1,1,0.358,0,Value
133,37135.0,0.275,53,635.0,0,0,0.974,0,Value
134,27508.0,0.359,46,729.0,1,0,0.738,0,Core
135,17769.0,0.224,52,659.0,0,0,0.45,0,Value
136,20838.0,0.278,34,666.0,0,0,0.863,0,Core
137,33181.0,0.35,46,713.0,0,0,0.432,0,Core
138,39869.0,0.422,63,670.0,1,0,0.86,0,Value
139,59806.0,0.358,36,667.0,0,0,0.875,0,Core
140,82442.0,0.471,40,681.0,0,0,0.347,0,HighRisk
141,34374.0,0.309,29,724.0,0,0,0.678,0,Value
142,21029.0,0.28,52,771.0,0,0,0.722,0,Core
143,15000.0,0.644,22,712.0,1,0,1.125,0,HighRisk
144,32653.0,0.367,33,724.0,1,0,0.387,0,Core
145,22370.0,0.234,55,669.0,0,0,0.865,0,Core
146,25710.0,0.237,21,641.0,1,0,0.554,0,Core
147,23999.0,0.207,69,716.0,0,0,0.277,0,HighRisk
148,28303.0,0.432,40,689.0,1,1,0.524,0,Core
149,43178.0,0.276,40,602.0,0,0,0.551,0,Core
150,31413.0,0.335,47,662.0,0,0,0.317,0,Core
151,28127.0,0.312,52,675.0,0,0,0.619,0,Core
152,20692.0,0.408,43,652.0,0,0,0.761,0,Core
153,16545.0,0.218,64,761.0,0,0,0.602,0,Value
154,25079.0,0.191,68,706.0,0,0,0.431,0,HighRisk
155,29178.0,0.347,30,756.0,0,0,0.517,0,Value
156,55203.0,0.392,55,694.0,0,0,0.549,0,Core
157,31120.0,0.36,35,684.0,1,0,0.598,0,Core
158,41938.0,0.223,69,628.0,0,1,0.794,0,Core
159,24965.0,0.401,33,681.0,1,0,0.61,0,Core
160,19639.0,0.231,35,681.0,0,0,0.241,0,Value
161,21210.0,0.257,55,605.0,0,0,0.426,0,Core
162,23067.0,0.207,59,650.0,0,0,0.587,0,Value
163,62628.0,0.476,27,662.0,1,0,0.797,0,Core
164,22304.0,0.396,48,703.0,0,0,0.836,0,Value
165,39874.0,0.393,37,705.0,0,0,0.94,0,HighRisk
166,21676.0,0.47,50,648.0,0,1,0.579,0,Value
167,41194.0,0.658,48,706.0,0,0,0.718,0,HighRisk
168,34021.0,0.115,69,670.0,0,0,0.23,0,Value
169,28146.0,0.231,66,522.0,0,0,0.645,0,Value
170,29311.0,0.246,53,653.0,0,0,0.313,0,Core
171,23643.0,0.218,54,739.0,1,0,0.536,0,Core
172,34757.0,0.191,65,588.0,1,0,1.217,0,HighRisk
173,25356.0,0.284,29,686.0,0,0,0.617,0,Core
174,19361.0,0.174,56,767.0,0,0,0.36,0,HighRisk
175,19010.0,0.36,58,638.0,0,0,0.64,0,Core
176,31584.0,0.326,27,680.0,1,0,0.436,0,Value
177,51673.0,0.378,64,608.0,0,0,0.339,0,Core
178,31445.0,0.381,55,769.0,0,0,1.013,0,HighRisk
179,28523.0,0.392,38,675.0,0,0,0.785,0,Core
180,32861.0,0.275,44,683.0,0,0,0.626,0,Core
181,46962.0,0.575,44,754.0,0,0,0.464,0,HighRisk
182,32106.0,0.348,66,716.0,0,0,0.482,0,Core
183,25750.0,0.097,68,632.0,0,0,0.889,0,Core
184,43792.0,0.2,60,644.0,0,0,0.617,0,HighRisk
185,34547.0,0.111,52,707.0,0,0,0.02,0,Value
186,50895.0,0.322,26,646.0,1,0,1.083,0,Core
187,31702.0,0.305,65,564.0,0,0,0.59,0,Value
188,19369.0,0.264,27,677.0,1,0,0.626,0,Core
189,18419.0,0.561,29,599.0,1,0,0.789,0,Core
190,52988.0,0.386,24,769.0,1,0,0.652,0,Value
191,54355.0,0.407,67,690.0,0,0,0.714,1,Core
192,27922.0,0.208,45,630.0,0,0,0.457,0,Core
193,26001.0,0.2,32,642.0,0,0,0.279,0,Core
194,49588.0,0.324,24,576.0,1,0,0.612,0,HighRisk
195,20182.0,0.341,41,620.0,0,0,0.865,0,Value
196,21739.0,0.097,56,736.0,0,0,0.407,0,Core
197,37241.0,0.298,69,803.0,0,0,0.39,0,HighRisk
198,25897.0,0.322,48,720.0,0,0,0.819,0,Value
199,29679.0,0.294,50,675.0,0,0,0.449,0,Core
200,28079.0,0.222,61,656.0,1,0,0.46,0,HighRisk
201,33462.0,0.255,65,627.0,1,0,0.468,0,Core
202,48660.0,0.299,34,793.0,0,0,0.536,0,Core
203,30690.0,0.331,69,670.0,0,0,0.204,0,Core
204,37249.0,0.393,46,796.0,0,0,0.431,0,Core
205,15000.0,0.45,66,757.0,0,0,0.601,0,Value
206,29230.0,0.285,26,584.0,1,0,0.599,0,Value
207,22134.0,0.265,25,643.0,1,1,0.805,0,HighRisk
208,19408.0,0.373,64,643.0,1,0,0.955,0,Core
209,21865.0,0.393,53,676.0,0,0,0.883,0,Core
210,26451.0,0.268,29,677.0,0,0,0.751,0,Core
211,40969.0,0.415,64,845.0,0,0,0.517,0,Core
212,18690.0,0.438,26,621.0,1,0,0.413,0,HighRisk
213,30053.0,0.475,54,693.0,0,0,0.554,0,Value
214,25098.0,0.533,31,714.0,0,0,0.679,0,Value
215,26511.0,0.216,24,680.0,1,0,0.731,0,Value
216,42233.0,0.322,60,686.0,1,0,0.687,0,Core
217,35895.0,0.321,62,623.0,0,0,0.523,0,Core
218,47481.0,0.308,26,686.0,1,0,0.723,0,Core
219,28167.0,0.242,25,708.0,1,0,0.827,0,Value
220,23305.0,0.142,51,698.0,0,0,0.744,0,Core
221,27492.0,0.331,22,711.0,1,0,0.543,0,Core
222,32366.0,0.228,57,758.0,0,0,0.367,0,Value
223,31628.0,0.33,65,732.0,0,0,0.361,0,Core
224,20342.0,0.225,57,684.0,0,1,0.4,1,Core
225,30689.0,0.188,32,616.0,0,0,0.607,0,Core
226,32205.0,0.348,30,647.0,1,0,0.664,0,Core
227,71762.0,0.338,54,668.0,1,1,0.239,0,Core
228,57348.0,0.39,24,694.0,1,0,0.439,0,HighRisk
229,22057.0,0.582,47,654.0,0,0,0.604,0,Value
230,26887.0,0.353,42,629.0,0,0,0.352,0,Core
231,17815.0,0.378,57,615.0,0,0,0.645,0,Value
232,24179.0,0.191,30,589.0,0,0,0.482,0,Value
233,33205.0,0.166,58,667.0,0,0,0.391,0,Value
234,45345.0,0.51,55,599.0,1,1,0.562,0,HighRisk
235,23036.0,0.209,32,625.0,1,0,0.636,0,Value
236,23648.0,0.195,38,658.0,0,0,0.363,0,Core
237,15000.0,0.315,24,607.0,1,0,0.497,0,Core
238,28087.0,0.309,43,701.0,1,0,0.653,0,Core
239,20499.0,0.212,33,721.0,1,0,0.382,0,Core
240,24703.0,0.283,26,650.0,1,0,0.185,0,HighRisk
241,21875.0,0.468,48,656.0,0,0,0.212,0,Value
242,28768.0,0.223,48,710.0,1,0,0.458,0,Core
243,16071.0,0.153,25,641.0,1,0,0.26,0,HighRisk
244,17793.0,0.433,30,637.0,0,0,0.474,0,Value
245,62645.0,0.379,25,746.0,1,0,0.916,0,Core
246,18947.0,0.246,54,729.0,0,0,0.247,0,HighRisk
247,20254.0,0.13,37,713.0,0,0,0.488,0,Core
248,56552.0,0.231,24,731.0,1,0,1.019,0,Core
249,82189.0,0.313,30,571.0,0,0,0.64,0,Core
250,19731.0,0.46,68,754.0,0,0,0.469,0,HighRisk
251,26137.0,0.196,33,702.0,0,0,0.515,0,Core
252,33508.0,0.31,54,736.0,0,0,0.644,0,Core
253,54450.0,0.401,43,701.0,0,0,0.923,0,Value
254,21049.0,0.05,29,683.0,0,0,0.433,0,HighRisk
255,27287.0,0.444,36,665.0,0,0,0.383,0,Core
256,39029.0,0.178,21,700.0,1,0,0.247,0,Core
257,34619.0,0.36,57,663.0,0,0,0.573,0,HighRisk
258,26065.0,0.35,37,728.0,0,0,0.241,0,Value
259,28372.0,0.45,45,593.0,0,0,0.448,0,Core
260,18376.0,0.386,28,650.0,0,0,0.35,0,Core
261,27355.0,0.05,61,792.0,0,0,0.786,0,Core
262,27086.0,0.226,31,646.0,0,0,0.438,0,Value
263,32250.0,0.337,48,667.0,1,0,0.637,0,Value
264,24481.0,0.297,63,631.0,0,1,0.197,0,Value
265,35068.0,0.377,55,698.0,0,0,0.579,0,Core
266,42381.0,0.415,50,640.0,0,0,0.285,0,Value
267,31395.0,0.393,64,670.0,0,0,0.456,0,Core
268,33628.0,0.294,29,727.0,0,0,1.036,0,HighRisk
269,30291.0,0.098,68,642.0,0,0,0.755,0,Core
270,29733.0,0.265,48,723.0,1,1,0.522,0,Core
271,23097.0,0.37,41,725.0,1,0,1.254,0,Core
272,33216.0,0.189,33,738.0,0,0,0.349,0,Core
273,28737.0,0.396,57,688.0,0,0,0.806,0,Core
274,61859.0,0.429,68,850.0,0,0,0.213,0,Value
275,51569.0,0.335,54,738.0,0,0,0.496,0,HighRisk
276,34032.0,0.05,22,698.0,1,0,0.253,0,Core
277,22764.0,0.167,43,632.0,0,0,0.607,0,Core
278,20144.0,0.546,56,675.0,0,0,0.562,0,Core
279,45112.0,0.254,40,758.0,0,0,0.482,0,Value
280,32597.0,0.082,58,774.0,0,0,0.79,0,Core
281,35174.0,0.468,55,761.0,0,0,0.425,0,Core
282,16145.0,0.322,24,723.0,1,0,0.622,0,Core
283,41135.0,0.453,48,611.0,0,0,0.731,0,Core
284,34858.0,0.353,29,707.0,1,0,0.224,0,Value
285,20158.0,0.375,44,612.0,1,0,0.385,0,Core
286,25209.0,0.364,39,598.0,0,0,0.562,0,Core
287,32608.0,0.404,60,693.0,1,0,0.689,0,Value
288,30284.0,0.593,63,709.0,0,0,0.863,0,Core
289,26842.0,0.437,43,730.0,0,0,0.503,0,Value
290,28675.0,0.13,47,707.0,0,0,0.48,0,Core
291,27223.0,0.374,51,709.0,0,0,0.358,1,HighRisk
292,31363.0,0.457,53,626.0,0,1,0.623,0,Value
293,49763.0,0.464,52,674.0,0,0,0.485,0,Core
294,15000.0,0.269,59,597.0,0,0,0.49,0,HighRisk
295,27367.0,0.46,69,570.0,1,0,0.529,0,Core
296,31627.0,0.431,61,721.0,0,0,0.671,0,Core
297,32978.0,0.629,27,639.0,1,0,0.426,0,Value
298,26104.0,0.23,44,728.0,0,0,0.38,0,Value
299,16077.0,0.259,43,741.0,0,0,0.645,0,Core
300,33350.0,0.283,45,646.0,0,0,0.02,0,Core
301,54425.0,0.261,46,712.0,0,1,0.417,0,Core
302,17381.0,0.213,56,644.0,0,0,0.297,0,Value
303,40229.0,0.05,41,578.0,0,0,0.815,0,HighRisk
304,26503.0,0.268,33,687.0,0,0,0.453,0,Core
305,29101.0,0.364,43,654.0,0,0,0.427,0,HighRisk
306,20568.0,0.261,62,656.0,0,0,0.539,0,Core
307,26448.0,0.552,36,789.0,0,0,0.419,0,Value
308,46864.0,0.322,22,596.0,1,0,0.461,0,HighRisk
309,36458.0,0.475,68,701.0,1,0,0.571,0,Value
310,54519.0,0.351,30,625.0,0,1,0.457,0,Core
311,44896.0,0.419,50,730.0,0,0,0.456,0,Core
312,34672.0,0.354,60,696.0,0,0,0.328,0,Core
313,54741.0,0.484,34,701.0,1,0,0.296,0,Value
314,34671.0,0.327,37,628.0,0,0,0.563,0,HighRisk
315,39727.0,0.38,34,638.0,0,1,0.617,0,Core
316,26801.0,0.364,28,731.0,1,0,0.236,0,Core
317,30433.0,0.285,28,777.0,0,0,0.717,0,Core
318,23293.0,0.369,30,706.0,0,0,0.718,0,Value
319,42039.0,0.588,43,631.0,0,0,0.764,0,Value
320,19685.0,0.288,47,699.0,0,0,0.616,0,Core
321,39098.0,0.37,21,814.0,1,0,0.69,0,Value
322,27813.0,0.471,62,686.0,0,0,1.031,0,Core
323,44799.0,0.457,54,760.0,0,0,0.484,0,Value
324,38669.0,0.321,24,639.0,1,0,0.32,0,Core
325,56231.0,0.05,62,678.0,0,0,0.213,0,Core
326,38398.0,0.382,22,714.0,1,1,0.936,0,Value
327,17151.0,0.054,48,702.0,0,0,0.939,0,Value
328,29044.0,0.496,43,638.0,0,0,0.347,0,Core
329,19728.0,0.34,45,635.0,0,0,0.39,0,Value
330,24800.0,0.44,67,734.0,0,0,0.479,0,Core
331,50460.0,0.212,66,746.0,0,1,0.819,0,Core
332,37166.0,0.134,34,763.0,0,0,0.267,0,HighRisk
333,23281.0,0.351,49,779.0,0,1,0.117,0,HighRisk
334,20852.0,0.316,67,687.0,0,0,1.027,0,Core
335,30076.0,0.261,56,663.0,0,0,0.619,0,HighRisk
336,19423.0,0.33,64,754.0,0,0,0.65,0,Value
337,23508.0,0.652,42,719.0,0,0,0.505,0,Core
338,33163.0,0.42,34,626.0,1,0,0.652,0,Core
339,44550.0,0.446,46,623.0,0,1,0.217,0,Core
340,36793.0,0.421,61,707.0,1,1,0.365,0,Value
341,15000.0,0.498,66,670.0,0,0,0.573,0,HighRisk
342,33075.0,0.297,54,679.0,0,1,0.05,0,Core
343,30492.0,0.073,55,739.0,0,0,0.483,0,Core
344,34367.0,0.297,46,722.0,1,0,0.47,0,Core
345,52348.0,0.417,36,753.0,0,0,0.483,0,Core
346,15000.0,0.204,41,574.0,0,0,0.429,0,Value
347,24176.0,0.299,45,694.0,0,0,0.331,0,Core
348,36564.0,0.237,60,718.0,0,0,0.149,1,Value
349,17093.0,0.5,48,596.0,0,1,0.582,0,Core
350,49840.0,0.41,59,644.0,1,0,0.484,0,Value
351,33824.0,0.398,22,634.0,1,0,0.247,0,Value
352,39987.0,0.395,58,681.0,0,0,0.564,0,Value
353,24347.0,0.316,45,770.0,0,0,0.485,0,Core
354,39530.0,0.344,69,791.0,0,0,0.449,0,Value
355,43216.0,0.178,44,635.0,0,0,0.075,0,Value
356,32258.0,0.058,44,709.0,0,0,0.7,0,Value
357,32275.0,0.338,27,711.0,1,0,0.279,0,Value
358,32683.0,0.359,60,701.0,0,0,0.564,0,HighRisk
359,21979.0,0.465,55,702.0,0,0,0.372,1,Core
360,28236.0,0.509,63,697.0,0,0,0.464,0,Core
361,28187.0,0.508,25,773.0,1,0,0.804,0,HighRisk
362,34002.0,0.2,31,741.0,0,0,0.667,0,Core
363,42190.0,0.278,63,622.0,1,0,0.799,0,HighRisk
364,20527.0,0.378,23,724.0,1,0,0.623,0,Value
365,28460.0,0.624,45,729.0,0,0,0.637,0,HighRisk
366,49937.0,0.498,40,697.0,0,1,0.158,0,Value
367,22920.0,0.454,67,742.0,0,0,0.48,0,Value
368,22297.0,0.273,62,690.0,0,0,0.501,0,Value
369,31914.0,0.214,64,691.0,0,0,0.819,0,Core
370,39956.0,0.415,35,687.0,1,0,0.439,0,Core
371,29852.0,0.188,49,569.0,1,1,0.608,0,Core
372,47341.0,0.291,55,676.0,0,0,0.6,0,Core
373,40130.0,0.306,68,643.0,0,0,0.805,0,HighRisk
374,39920.0,0.511,21,615.0,1,0,0.521,0,Core
375,36096.0,0.277,68,759.0,0,0,0.732,0,Value
376,67150.0,0.05,38,708.0,0,0,0.175,0,Core
377,27672.0,0.381,27,678.0,1,0,0.195,0,Core
378,15000.0,0.236,51,649.0,0,0,0.048,0,HighRisk
379,52130.0,0.325,59,696.0,0,0,0.723,1,Core
380,25332.0,0.31,27,735.0,1,0,0.698,0,Value
381,30877.0,0.287,22,635.0,1,0,0.747,0,Core
382,47021.0,0.415,64,680.0,1,0,0.401,0,Core
383,16970.0,0.136,66,728.0,0,1,0.426,0,Core
384,19186.0,0.258,28,574.0,1,0,0.523,0,Value
385,16976.0,0.402,65,677.0,0,1,0.868,0,Core
386,22518.0,0.246,65,656.0,0,0,0.923,0,Value
387,34678.0,0.127,69,673.0,0,0,0.725,0,Value
388,35720.0,0.4,31,652.0,0,0,0.623,0,Core
389,32751.0,0.455,49,688.0,1,0,0.844,0,Core
390,18134.0,0.315,69,786.0,0,0,0.494,0,Core
391,15000.0,0.085,65,662.0,0,1,0.464,0,Value
392,30304.0,0.405,50,696.0,0,1,0.522,0,Core
393,25207.0,0.121,30,790.0,0,0,0.335,0,Core
394,34919.0,0.357,25,650.0,1,0,0.511,0,Core
395,38013.0,0.214,33,780.0,0,0,0.304,0,Core
396,31207.0,0.181,24,680.0,1,0,0.776,0,Value
397,38795.0,0.267,30,778.0,0,0,0.67,0,Core
398,32216.0,0.298,24,721.0,1,0,0.865,0,Core
399,35794.0,0.243,58,697.0,1,0,0.192,0,Core
400,23234.0,0.391,49,676.0,1,0,0.968,0,Value
401,27921.0,0.266,46,646.0,0,1,0.204,0,Value
402,31853.0,0.438,60,684.0,0,0,0.286,0,Core
403,39624.0,0.354,41,729.0,0,0,0.413,0,Core
404,25905.0,0.236,40,679.0,0,0,0.838,0,Value
405,35682.0,0.216,31,663.0,0,0,0.6,0,Core
406,27091.0,0.122,42,666.0,0,0,0.496,0,Value
407,28534.0,0.355,29,735.0,0,0,0.376,0,Core
408,39749.0,0.277,49,747.0,0,0,0.247,0,Core
409,15000.0,0.05,69,643.0,0,0,0.799,0,Core
410,18887.0,0.256,47,643.0,0,0,0.726,0,Core
411,17698.0,0.212,35,701.0,0,0,0.848,0,Value
412,15000.0,0.509,54,764.0,0,0,0.637,0,Core
413,23450.0,0.116,61,743.0,1,0,0.02,0,Core
414,38650.0,0.147,44,611.0,0,0,0.276,0,Core
415,26911.0,0.453,33,665.0,0,0,0.652,0,Core
416,31864.0,0.483,55,629.0,0,0,0.469,0,Value
417,43531.0,0.231,30,665.0,1,0,0.427,0,Value
418,47320.0,0.244,69,768.0,0,0,0.307,0,HighRisk
419,29022.0,0.394,36,602.0,0,0,0.758,1,Core
420,47751.0,0.05,38,591.0,0,0,0.65,0,Core
421,30707.0,0.097,56,634.0,0,0,0.66,0,Core
422,22179.0,0.286,21,696.0,1,0,0.411,0,HighRisk
423,24148.0,0.506,30,714.0,1,0,0.589,0,Core
424,17709.0,0.268,27,704.0,1,0,0.256,0,Core
425,21789.0,0.332,40,745.0,1,0,0.521,1,Value
426,26231.0,0.456,48,583.0,0,0,0.02,0,Core
427,39390.0,0.573,29,745.0,0,0,0.205,0,Core
428,54299.0,0.251,37,663.0,1,0,0.479,0,Core
429,18329.0,0.318,58,720.0,1,0,1.073,0,Value
430,34115.0,0.539,67,607.0,0,0,0.154,0,Value
431,20657.0,0.137,21,680.0,1,0,0.276,0,Core
432,35107.0,0.443,51,693.0,0,0,0.598,0,Value
433,28399.0,0.198,22,744.0,1,0,0.939,0,Core
434,15665.0,0.332,46,593.0,0,0,0.594,0,Core
435,41147.0,0.291,64,682.0,0,0,0.704,0,HighRisk
436,24059.0,0.205,60,620.0,0,0,0.476,0,Value
437,24665.0,0.202,32,708.0,1,0,0.438,0,HighRisk
438,20447.0,0.353,33,723.0,0,0,0.568,0,Value
439,23647.0,0.439,59,751.0,0,0,0.405,0,Core
440,34536.0,0.304,61,651.0,0,0,0.709,0,Core
441,27827.0,0.328,34,731.0,0,0,0.197,0,Core
442,33357.0,0.389,21,755.0,1,0,0.746,0,Core
443,33748.0,0.203,42,590.0,0,1,0.559,0,Core
444,47204.0,0.409,51,714.0,0,0,0.503,0,Core
445,26371.0,0.418,42,733.0,0,0,0.189,0,Core
446,17732.0,0.632,66,666.0,0,0,0.334,0,Value
447,43197.0,0.275,60,613.0,0,0,0.814,0,Core
448,26476.0,0.265,59,732.0,0,0,0.504,0,Core
449,43919.0,0.412,21,614.0,1,0,0.611,0,Value
450,34002.0,0.418,62,670.0,0,0,0.357,0,Value
451,28399.0,0.256,58,678.0,0,0,0.544,0,Core
452,33593.0,0.272,40,719.0,0,0,0.248,0,Value
453,58856.0,0.385,49,646.0,0,0,0.572,0,Value
454,61509.0,0.221,61,642.0,0,0,0.632,0,HighRisk
455,30463.0,0.271,65,685.0,0,0,0.621,0,Core
456,31447.0,0.331,47,735.0,0,1,0.351,0,Core
457,43334.0,0.44,23,806.0,1,0,0.475,0,Value
458,22115.0,0.247,51,597.0,1,0,0.668,0,Core
459,33409.0,0.099,54,697.0,0,1,0.503,0,Value
460,29465.0,0.09,23,620.0,1,0,0.487,0,Value
461,33185.0,0.169,61,736.0,0,1,0.969,0,Value
462,22211.0,0.162,30,628.0,0,0,0.341,0,HighRisk
463,17046.0,0.301,64,643.0,0,0,0.788,0,Value
464,15000.0,0.177,47,648.0,0,0,0.296,0,HighRisk
465,20109.0,0.236,36,676.0,0,0,0.694,0,Value
466,25323.0,0.227,23,698.0,1,0,0.706,0,Core
467,26833.0,0.267,21,707.0,1,0,0.438,0,Value
468,58573.0,0.479,57,680.0,0,0,0.282,0,Value
469,43787.0,0.399,39,607.0,0,0,0.117,0,HighRisk
470,21232.0,0.322,62,720.0,0,0,0.415,0,Core
471,33580.0,0.265,32,677.0,0,0,0.666,0,Core
472,25784.0,0.268,66,744.0,0,0,0.313,0,Value
473,26916.0,0.359,67,641.0,1,1,0.571,0,Core
474,31725.0,0.39,25,592.0,1,0,0.225,0,Value
475,36927.0,0.211,52,678.0,0,0,0.499,0,Core
476,26404.0,0.324,67,751.0,1,0,0.298,0,Core
477,43146.0,0.076,36,689.0,0,0,0.533,1,Core
478,19937.0,0.345,24,669.0,1,0,0.44,0,Value
479,29799.0,0.411,63,632.0,1,1,0.288,0,Core
480,73805.0,0.286,44,777.0,0,0,0.405,0,Value
481,32147.0,0.538,22,623.0,1,0,0.344,0,Value
482,49101.0,0.214,62,640.0,0,1,0.261,0,Value
483,30700.0,0.346,54,711.0,0,0,0.788,0,Core
484,36435.0,0.316,24,578.0,1,0,0.471,0,Core
485,29148.0,0.308,33,750.0,1,0,0.066,0,Value
486,28011.0,0.306,21,714.0,1,0,0.413,0,Core
487,22633.0,0.333,67,729.0,0,0,0.751,0,Core
488,34565.0,0.422,22,711.0,1,0,0.383,0,HighRisk
489,22070.0,0.485,59,671.0,0,0,0.88,0,Core
490,37532.0,0.32,46,622.0,0,0,0.362,0,Core
491,43471.0,0.418,49,672.0,1,0,0.661,0,HighRisk
492,33802.0,0.236,60,626.0,0,0,0.778,0,Core
493,26898.0,0.412,64,707.0,0,0,0.649,0,Core
494,34853.0,0.229,27,724.0,1,0,0.248,0,Core
495,26688.0,0.451,21,761.0,1,0,0.343,0,Value
496,41251.0,0.585,27,700.0,1,0,0.807,0,HighRisk
497,15662.0,0.305,54,731.0,1,0,0.373,0,Value
498,26437.0,0.057,48,664.0,0,0,0.765,0,HighRisk
499,15000.0,0.254,25,654.0,1,0,0.455,0,Core
500,17619.0,0.468,32,706.0,0,0,0.581,0,Value
501,47923.0,0.386,47,659.0,0,0,0.245,0,Core
502,40673.0,0.35,56,695.0,0,0,0.416,0,HighRisk
503,23114.0,0.441,37,622.0,0,0,0.357,0,HighRisk
504,17573.0,0.378,67,632.0,1,0,0.6,0,Core
505,15000.0,0.466,69,715.0,0,0,0.571,0,Value
506,24582.0,0.43,58,729.0,0,0,0.652,0,Value
507,69366.0,0.503,43,626.0,0,0,0.442,0,Core
508,34621.0,0.363,63,717.0,0,0,0.345,0,Value
509,24444.0,0.429,56,651.0,1,1,0.59,0,HighRisk
510,34989.0,0.283,46,681.0,0,0,0.323,0,Core
511,17217.0,0.248,42,758.0,0,0,0.787,0,Core
512,26794.0,0.525,61,724.0,0,0,0.525,0,HighRisk
513,30786.0,0.346,48,724.0,0,0,0.478,0,Core
514,28850.0,0.417,29,785.0,0,0,0.652,0,Core
515,39214.0,0.335,69,641.0,1,0,0.533,0,Value
516,33544.0,0.25,24,626.0,1,0,0.185,0,Value
517,37568.0,0.321,55,640.0,0,1,0.316,0,Core
518,23367.0,0.492,53,666.0,0,1,0.783,0,Core
519,40710.0,0.387,49,550.0,0,1,0.568,0,Value
520,52582.0,0.115,23,669.0,1,0,0.18,0,Core
521,21172.0,0.294,45,650.0,0,0,0.627,0,Value
522,21792.0,0.534,64,723.0,0,1,0.427,0,HighRisk
523,47454.0,0.294,32,699.0,0,1,0.358,0,Core
524,27807.0,0.104,54,647.0,0,0,0.298,0,HighRisk
525,48598.0,0.547,63,712.0,0,0,0.77,0,Value
526,25466.0,0.402,67,720.0,0,0,0.118,0,HighRisk
527,49477.0,0.312,46,638.0,0,0,0.366,1,Core
528,31133.0,0.275,36,653.0,0,0,0.576,0,Core
529,32545.0,0.45,55,558.0,0,0,0.897,0,Value
530,51413.0,0.255,44,620.0,0,0,0.672,0,HighRisk
531,26196.0,0.458,51,639.0,0,0,0.364,0,HighRisk
532,21388.0,0.385,57,684.0,0,0,0.886,0,Core
533,25413.0,0.349,55,628.0,0,1,0.252,0,Core
534,34833.0,0.337,32,652.0,0,0,0.608,0,Core
535,17188.0,0.299,58,613.0,1,0,0.657,0,Value
536,37165.0,0.445,47,689.0,0,0,0.356,0,Value
537,24623.0,0.216,66,703.0,0,0,0.703,0,Value
538,44433.0,0.125,53,702.0,0,0,0.437,0,Core
539,15000.0,0.394,64,681.0,0,0,0.703,0,HighRisk
540,22577.0,0.396,68,595.0,0,0,0.145,0,Core
541,16477.0,0.378,69,646.0,1,0,0.624,0,Core
542,22266.0,0.369,57,658.0,0,0,0.459,0,Value
543,32425.0,0.282,50,658.0,0,0,0.803,0,Core
544,27925.0,0.414,26,684.0,1,0,0.54,0,Value
545,27209.0,0.315,39,758.0,0,0,0.825,0,Value
546,28121.0,0.262,44,725.0,0,0,0.662,0,Core
547,31926.0,0.283,59,626.0,0,0,0.522,0,Core
548,20890.0,0.562,49,717.0,0,0,0.723,0,Core
549,38078.0,0.112,42,715.0,1,0,0.725,0,Value
550,37494.0,0.38,28,636.0,0,0,0.654,0,Core
551,34022.0,0.119,56,727.0,0,0,0.046,0,Core
552,36127.0,0.307,42,671.0,0,0,0.334,0,Core
553,32983.0,0.268,22,602.0,1,1,0.855,0,Value
554,60614.0,0.07,34,705.0,0,0,0.274,0,Core
555,28840.0,0.367,64,692.0,0,0,0.744,0,Core
556,26703.0,0.274,26,667.0,1,0,0.705,0,Core
557,22840.0,0.068,40,678.0,0,0,0.39,0,Core
558,20717.0,0.421,46,640.0,0,1,0.111,0,Core
559,19234.0,0.492,25,714.0,1,0,0.425,0,Core
560,21784.0,0.499,29,678.0,0,0,1.007,0,Value
561,29006.0,0.363,67,689.0,0,0,0.36,0,Core
562,33423.0,0.326,49,700.0,0,0,0.375,0,Core
563,30270.0,0.479,31,616.0,0,0,0.331,0,HighRisk
564,22744.0,0.522,29,631.0,0,0,0.817,0,Core
565,40744.0,0.456,41,558.0,0,0,0.497,0,Core
566,38515.0,0.207,56,711.0,1,0,0.412,0,Core
567,28117.0,0.344,56,613.0,0,0,0.861,0,Core
568,23659.0,0.373,30,687.0,0,0,0.677,0,Core
569,36024.0,0.103,56,700.0,0,0,0.348,0,HighRisk
570,31755.0,0.376,64,713.0,0,0,0.281,0,Core
571,17911.0,0.593,32,614.0,0,0,0.805,0,Value
572,29034.0,0.397,22,676.0,1,1,0.554,0,HighRisk
573,32588.0,0.497,67,772.0,1,0,0.209,0,Core
574,21701.0,0.342,46,774.0,0,0,0.158,0,Value
575,31775.0,0.311,59,734.0,0,0,0.304,0,Core
576,17869.0,0.366,36,699.0,0,0,0.277,0,Core
577,47461.0,0.222,35,625.0,1,0,0.1,0,Value
578,46018.0,0.204,32,720.0,0,0,0.308,0,Core
579,27218.0,0.472,31,671.0,0,0,0.348,0,HighRisk
580,33766.0,0.485,44,711.0,0,1,0.448,0,Value
581,15000.0,0.201,26,645.0,1,0,0.922,0,Core
582,19836.0,0.436,62,670.0,0,0,0.491,0,Core
583,26827.0,0.31,46,689.0,0,1,0.513,1,Value
584,20430.0,0.361,65,694.0,0,0,0.662,0,Core
585,38179.0,0.375,45,707.0,0,0,0.498,0,Core
586,59818.0,0.439,35,648.0,0,0,0.638,0,Core
587,19696.0,0.33,46,606.0,0,0,0.612,0,Core
588,22179.0,0.489,28,769.0,0,0,0.577,0,HighRisk
589,32287.0,0.357,61,817.0,1,0,1.159,0,Core
590,52255.0,0.395,56,705.0,0,0,0.75,0,Core
591,19383.0,0.22,28,607.0,0,0,0.312,0,Value
592,32440.0,0.579,49,637.0,0,0,0.631,0,Value
593,56244.0,0.376,47,708.0,0,0,0.376,0,HighRisk
594,16679.0,0.406,30,754.0,0,0,0.648,0,HighRisk
595,18989.0,0.127,26,613.0,1,0,0.247,0,Core
596,25636.0,0.221,58,673.0,0,0,0.306,0,Core
597,24780.0,0.469,33,691.0,0,0,0.626,0,Value
598,39514.0,0.354,46,728.0,0,0,0.769,0,Core
599,32357.0,0.09,33,661.0,0,0,0.661,0,Value
600,15975.0,0.445,53,594.0,0,0,0.738,0,Core
601,35610.0,0.255,23,714.0,1,1,0.632,0,HighRisk
602,24291.0,0.489,38,742.0,0,0,0.588,0,Value
603,46447.0,0.309,47,675.0,0,0,0.439,0,Value
604,23869.0,0.345,42,702.0,0,0,0.729,0,Core
605,23794.0,0.461,51,654.0,0,0,0.775,0,HighRisk
606,35932.0,0.212,29,633.0,0,0,0.536,0,Value
607,38833.0,0.201,42,736.0,1,0,0.524,0,Value
608,34781.0,0.296,58,701.0,1,0,0.9,0,Value
609,16482.0,0.419,37,707.0,0,0,0.546,0,Core
610,35894.0,0.16,28,763.0,0,0,0.567,0,Core
611,20702.0,0.12,62,622.0,0,0,0.657,0,Core
612,32285.0,0.419,59,650.0,0,0,0.528,0,Value
613,18064.0,0.248,54,689.0,0,0,0.37,0,Value
614,34760.0,0.273,60,649.0,0,0,0.633,0,Core
615,22420.0,0.097,59,723.0,0,0,0.541,0,HighRisk
616,18979.0,0.239,57,670.0,1,0,0.955,0,Core
617,38171.0,0.319,45,625.0,0,0,0.723,0,Value
618,32357.0,0.432,21,684.0,1,0,0.419,0,Core
619,23983.0,0.227,50,689.0,0,0,0.71,0,Core
620,49410.0,0.519,34,731.0,0,0,0.618,0,Core
621,25483.0,0.238,58,702.0,1,0,0.838,0,Value
622,30069.0,0.238,43,705.0,1,0,0.435,1,Value
623,32667.0,0.504,65,698.0,1,0,0.592,0,Core
624,23935.0,0.345,50,670.0,0,0,0.528,0,Core
625,35063.0,0.254,47,641.0,0,0,0.563,0,Value
626,24669.0,0.301,66,696.0,0,0,0.355,0,Core
627,25743.0,0.482,44,662.0,0,0,0.677,0,Value
628,47903.0,0.496,39,773.0,0,0,0.642,0,Core
629,20657.0,0.222,39,754.0,0,0,0.833,0,HighRisk
630,15000.0,0.315,63,715.0,0,0,0.548,0,Value
631,52252.0,0.331,58,701.0,0,0,0.459,0,Core
632,72567.0,0.202,29,675.0,0,0,0.724,0,Value
633,25801.0,0.313,45,611.0,0,0,0.375,0,Core
634,15095.0,0.321,39,668.0,0,0,0.789,0,HighRisk
635,26671.0,0.457,52,686.0,0,0,0.788,0,Value
636,26898.0,0.465,23,693.0,1,0,0.827,0,Core
637,27820.0,0.28,55,706.0,0,0,0.633,0,Value
638,20137.0,0.294,57,731.0,0,0,0.443,0,Core
639,36419.0,0.4,32,642.0,0,0,0.574,0,HighRisk
640,35724.0,0.25,28,642.0,0,1,0.634,0,HighRisk
641,17623.0,0.391,51,760.0,0,0,0.427,0,Value
642,37976.0,0.309,33,722.0,0,0,0.843,0,Core
643,60988.0,0.204,67,659.0,0,0,0.678,0,Value
644,31577.0,0.205,58,674.0,0,0,0.354,0,Core
645,26422.0,0.494,67,674.0,0,0,0.964,0,Core
646,28291.0,0.301,47,682.0,0,0,0.571,0,HighRisk
647,36877.0,0.517,66,706.0,0,0,0.309,0,Core
648,16224.0,0.258,21,819.0,1,0,0.367,0,Core
649,31494.0,0.355,35,690.0,0,0,0.877,0,Core
650,25935.0,0.607,21,716.0,1,0,0.951,0,HighRisk
651,56769.0,0.193,54,587.0,0,0,0.772,0,HighRisk
652,27974.0,0.092,46,653.0,0,0,0.84,0,Core
653,53304.0,0.474,35,748.0,0,0,0.818,0,Core
654,20205.0,0.221,35,702.0,0,0,0.673,0,Value
655,36517.0,0.318,52,450.0,0,0,0.622,0,Core
656,33249.0,0.25,29,717.0,0,0,0.669,0,HighRisk
657,21935.0,0.352,46,785.0,0,0,0.712,0,HighRisk
658,31637.0,0.206,51,570.0,0,0,0.387,0,Value
659,45451.0,0.298,32,764.0,0,0,0.711,0,Core
660,26547.0,0.374,32,528.0,1,0,0.871,0,Value
661,16446.0,0.199,38,732.0,1,0,0.505,0,HighRisk
662,29550.0,0.236,50,680.0,0,0,0.481,0,Core
663,21680.0,0.278,33,551.0,0,0,0.655,0,HighRisk
664,26375.0,0.149,39,705.0,0,0,0.407,0,Core
665,28896.0,0.269,47,743.0,0,1,0.26,0,HighRisk
666,16367.0,0.334,30,700.0,0,0,0.802,0,Value
667,16891.0,0.272,48,712.0,0,0,0.451,0,Core
668,35197.0,0.287,27,657.0,1,0,0.554,0,Core
669,24762.0,0.318,27,578.0,1,0,0.416,0,Core
670,15000.0,0.241,32,718.0,0,0,0.831,0,Core
671,39132.0,0.403,35,776.0,0,0,0.738,0,HighRisk
672,32707.0,0.492,22,742.0,1,1,0.497,0,Core
673,23159.0,0.264,68,571.0,0,0,0.29,0,HighRisk
674,18753.0,0.378,36,597.0,0,0,0.474,0,Core
675,39836.0,0.291,60,633.0,0,0,0.675,0,Value
676,33600.0,0.364,65,592.0,0,0,0.591,0,HighRisk
677,68454.0,0.508,60,682.0,0,1,0.574,0,Value
678,34443.0,0.381,61,702.0,1,0,0.597,0,HighRisk
679,34054.0,0.107,25,601.0,1,0,0.717,0,HighRisk
680,28045.0,0.374,39,723.0,0,0,0.541,0,Value
681,39572.0,0.468,57,713.0,0,0,0.649,0,Value
682,37004.0,0.293,49,650.0,0,0,0.333,0,Core
683,46079.0,0.439,21,671.0,1,0,1.112,0,Core
684,24774.0,0.237,48,573.0,0,0,0.488,0,Core
685,25530.0,0.142,60,662.0,0,0,0.595,0,Value
686,25142.0,0.337,61,680.0,0,0,0.675,0,Value
687,39214.0,0.109,39,689.0,0,0,0.46,0,Value
688,50233.0,0.291,32,701.0,0,0,0.552,1,HighRisk
689,25321.0,0.474,36,693.0,0,0,0.549,0,Core
690,25625.0,0.091,35,665.0,0,1,0.349,0,HighRisk
691,33187.0,0.166,37,696.0,0,0,0.646,0,Core
692,27282.0,0.196,35,735.0,0,0,0.187,0,Core
693,41490.0,0.312,43,675.0,1,0,0.936,0,Value
694,15000.0,0.276,23,697.0,1,0,0.724,0,Core
695,22262.0,0.488,34,670.0,1,0,0.691,0,Value
696,22610.0,0.435,36,644.0,0,0,0.168,0,Value
697,15000.0,0.379,28,709.0,0,0,0.376,0,Value
698,21221.0,0.337,64,649.0,0,0,0.856,0,Core
699,21584.0,0.367,54,701.0,0,0,1.463,0,Core
700,27712.0,0.217,65,682.0,0,0,0.813,0,Core
701,43894.0,0.423,48,663.0,0,0,0.778,0,Core
702,27289.0,0.187,26,662.0,1,0,0.665,0,Core
703,20727.0,0.42,65,652.0,0,0,0.364,0,Core
704,29146.0,0.462,43,589.0,0,0,0.769,0,Value
705,42925.0,0.345,54,701.0,0,0,0.308,0,HighRisk
706,21129.0,0.299,39,693.0,0,0,0.284,0,Value
707,21618.0,0.368,45,727.0,0,0,0.27,0,Core
708,36152.0,0.05,44,651.0,0,0,0.765,0,Value
709,27514.0,0.356,34,784.0,0,0,0.537,0,Core
710,37295.0,0.306,48,659.0,0,0,0.572,0,Core
711,29591.0,0.314,56,632.0,0,0,0.547,0,Core
712,38009.0,0.405,21,625.0,1,0,0.302,0,HighRisk
713,20697.0,0.311,27,585.0,1,0,0.402,0,Value
714,29607.0,0.183,62,764.0,0,1,0.414,0,Core
715,27619.0,0.303,48,755.0,0,0,0.241,0,Value
716,19427.0,0.328,68,713.0,0,0,0.439,1,HighRisk
717,17202.0,0.334,50,631.0,1,0,0.312,0,Core
718,37798.0,0.339,53,780.0,0,0,0.677,0,Value
719,26296.0,0.445,65,661.0,0,0,0.695,0,Core
720,20789.0,0.19,53,665.0,0,1,0.265,0,Core
721,28748.0,0.341,37,759.0,1,0,0.485,0,HighRisk
722,44126.0,0.475,46,716.0,1,0,0.958,0,Core
723,15000.0,0.112,32,801.0,0,0,0.334,0,Value
724,17609.0,0.342,37,694.0,1,0,0.644,0,Core
725,21525.0,0.25,54,658.0,0,0,0.573,1,Value
726,49583.0,0.276,28,646.0,1,0,0.79,0,Value
727,32824.0,0.211,53,578.0,0,0,0.615,0,HighRisk
728,38893.0,0.3,49,665.0,0,0,0.455,0,Value
729,19949.0,0.541,36,743.0,0,0,0.565,0,Value
730,20094.0,0.168,23,713.0,1,0,0.568,0,Core
731,34778.0,0.18,55,681.0,0,0,0.53,0,Core
732,30345.0,0.164,61,625.0,1,0,0.26,0,Value
733,36028.0,0.527,56,692.0,0,0,0.823,0,Core
734,27842.0,0.265,41,736.0,0,0,0.785,0,Core
735,32773.0,0.317,53,704.0,1,0,0.32,0,HighRisk
736,31424.0,0.272,41,689.0,0,0,0.484,0,Core
737,39035.0,0.207,38,636.0,0,0,0.5,0,Core
738,39437.0,0.292,37,728.0,0,0,0.296,0,HighRisk
739,16866.0,0.615,31,508.0,0,0,0.139,0,Value
740,15000.0,0.487,68,701.0,0,1,0.402,0,Value
741,42218.0,0.218,53,821.0,0,0,0.472,0,Core
742,45058.0,0.398,29,597.0,0,0,0.233,0,Core
743,20802.0,0.22,63,667.0,1,0,0.589,0,Value
744,15507.0,0.107,28,680.0,1,0,0.806,0,Core
745,30781.0,0.442,50,655.0,0,0,0.735,0,Value
746,41184.0,0.459,29,737.0,0,0,0.522,0,Core
747,55779.0,0.446,38,706.0,0,0,0.145,0,Core
748,35621.0,0.264,53,688.0,1,0,0.707,0,Core
749,26105.0,0.3,69,724.0,0,0,0.582,0,Core
750,21751.0,0.41,69,681.0,0,1,0.643,0,Core
751,29852.0,0.367,64,850.0,0,0,0.976,0,Value
752,26776.0,0.273,32,688.0,0,0,0.369,0,Value
753,20842.0,0.126,25,691.0,1,0,0.02,0,Core
754,60905.0,0.334,65,586.0,0,0,0.318,0,Value
755,55537.0,0.449,66,650.0,0,0,0.657,0,Core
756,44250.0,0.176,34,743.0,0,0,0.556,0,Core
757,21541.0,0.397,21,607.0,1,0,0.283,0,HighRisk
758,40105.0,0.36,52,561.0,0,0,0.238,0,Value
759,37193.0,0.41,24,682.0,1,0,0.472,0,Value
760,34714.0,0.425,22,755.0,1,0,0.276,0,Core
761,46045.0,0.237,66,682.0,0,0,0.665,0,Core
762,37137.0,0.126,45,662.0,1,0,0.459,0,Value
763,38523.0,0.256,26,578.0,1,0,0.412,0,Value
764,37157.0,0.427,53,705.0,0,0,0.383,0,Value
765,33499.0,0.255,39,716.0,0,0,0.608,0,HighRisk
766,15926.0,0.237,47,582.0,0,0,0.559,0,Core
767,30616.0,0.101,65,742.0,0,0,0.594,0,Value
768,24473.0,0.53,32,722.0,1,0,0.59,0,Value
769,18997.0,0.419,52,742.0,0,0,0.534,0,Core
770,53564.0,0.412,61,712.0,0,0,0.323,0,Core
771,54456.0,0.436,41,716.0,0,0,0.389,0,Value
772,47845.0,0.389,68,709.0,0,0,0.463,0,Core
773,32511.0,0.291,42,728.0,0,0,1.004,0,Value
774,47702.0,0.3,43,580.0,0,0,0.253,0,Value
775,29858.0,0.269,64,597.0,0,0,0.458,0,Core
776,31920.0,0.636,52,640.0,0,1,0.572,0,Core
777,20278.0,0.387,63,673.0,0,0,0.483,0,Value
778,34165.0,0.264,59,701.0,0,0,0.786,0,Core
779,30368.0,0.376,55,698.0,1,0,0.482,0,HighRisk
780,18846.0,0.199,32,741.0,0,0,0.498,0,Core
781,29205.0,0.501,40,743.0,0,0,0.729,0,HighRisk
782,28914.0,0.241,63,632.0,0,0,0.948,0,Core
783,55779.0,0.38,51,693.0,1,0,0.86,0,Core
784,40659.0,0.448,34,633.0,0,0,0.52,0,Value
785,29852.0,0.366,37,670.0,0,0,0.539,0,Core
786,32438.0,0.331,59,698.0,0,0,0.56,0,Core
787,30196.0,0.321,29,493.0,0,0,0.582,0,Core
788,27694.0,0.313,26,813.0,1,0,0.364,0,Value
789,20356.0,0.251,58,711.0,0,0,0.756,1,Value
790,28202.0,0.266,35,647.0,0,0,0.595,0,Core
791,22899.0,0.498,58,786.0,0,1,0.54,0,Core
792,19195.0,0.307,47,661.0,0,0,0.27,0,Core
793,35558.0,0.226,69,687.0,0,0,0.564,0,HighRisk
794,34096.0,0.258,46,653.0,0,0,0.133,0,Core
795,15909.0,0.452,63,771.0,0,0,0.422,0,Value
796,28483.0,0.401,62,674.0,0,0,0.426,0,Core
797,42129.0,0.387,31,688.0,0,0,0.613,0,Value
798,43076.0,0.289,69,746.0,0,0,0.964,0,HighRisk
799,42576.0,0.389,57,712.0,0,0,0.676,0,Core
800,30140.0,0.243,26,677.0,1,0,0.869,0,Value
801,22120.0,0.289,21,741.0,1,0,0.692,0,Core
802,20347.0,0.436,34,820.0,0,1,0.798,0,Value
803,33544.0,0.425,21,697.0,1,0,0.959,0,Core
804,33954.0,0.202,38,686.0,1,0,0.389,0,Core
805,46656.0,0.217,69,689.0,0,0,0.375,0,Core
806,43695.0,0.333,44,752.0,0,0,0.697,0,Core
807,28388.0,0.527,22,647.0,1,0,0.549,0,HighRisk
808,19236.0,0.09,45,665.0,0,0,0.598,0,Value
809,26591.0,0.353,31,595.0,1,0,0.495,0,Core
810,32081.0,0.155,62,615.0,0,0,0.419,0,Core
811,27702.0,0.244,25,652.0,1,0,0.907,0,Value
812,24288.0,0.276,58,677.0,0,0,0.308,0,Core
813,32484.0,0.27,42,777.0,0,0,0.701,0,Core
814,24925.0,0.256,21,709.0,1,1,0.665,0,Value
815,23865.0,0.321,53,630.0,0,0,0.203,0,Core
816,33157.0,0.256,43,640.0,0,0,0.367,0,Core
817,25830.0,0.145,58,756.0,0,0,0.404,0,Core
818,32385.0,0.414,51,742.0,0,0,0.674,0,Core
819,32716.0,0.41,59,682.0,1,0,0.469,0,Value
820,19954.0,0.421,43,656.0,1,0,0.531,0,Value
821,25124.0,0.135,21,742.0,1,0,0.229,0,HighRisk
822,49179.0,0.356,27,625.0,1,0,1.062,0,Core
823,19797.0,0.401,43,702.0,0,1,0.566,0,Value
824,15000.0,0.196,40,805.0,1,0,0.66,0,HighRisk
825,15496.0,0.321,59,691.0,0,0,0.431,0,Value
826,30037.0,0.306,41,637.0,0,0,0.406,0,HighRisk
827,30056.0,0.541,63,703.0,0,0,0.971,0,HighRisk
828,28534.0,0.551,30,654.0,0,0,0.128,0,Value
829,45477.0,0.12,39,603.0,0,0,0.611,0,HighRisk
830,15000.0,0.619,58,719.0,0,0,0.283,0,Value
831,34152.0,0.21,27,741.0,1,0,0.461,0,Core
832,51354.0,0.438,36,663.0,0,0,0.41,0,HighRisk
833,20036.0,0.436,57,659.0,0,1,0.333,0,Value
834,26032.0,0.201,49,627.0,0,0,0.558,0,Core
835,22845.0,0.379,59,672.0,0,0,0.02,0,Core
836,21742.0,0.307,46,649.0,0,1,0.481,0,Core
837,26524.0,0.387,63,624.0,0,0,0.53,0,HighRisk
838,49002.0,0.348,63,784.0,0,0,0.251,0,Core
839,56562.0,0.464,68,706.0,0,0,0.883,0,Core
840,26434.0,0.329,26,711.0,1,0,0.419,0,Core
841,57917.0,0.3,49,729.0,0,0,0.498,0,Core
842,30105.0,0.452,26,722.0,1,0,0.42,0,HighRisk
843,54929.0,0.39,32,657.0,1,0,0.532,0,Core
844,28777.0,0.408,35,695.0,0,0,0.838,0,Core
845,31128.0,0.24,52,665.0,1,0,1.094,0,Core
846,33790.0,0.195,42,704.0,0,0,0.714,0,Value
847,90454.0,0.252,63,699.0,1,0,0.789,0,Value
848,40053.0,0.246,35,659.0,0,0,0.928,1,Core
849,23213.0,0.414,51,607.0,0,0,0.605,0,Core
850,41737.0,0.437,58,688.0,0,0,0.895,0,HighRisk
851,26196.0,0.301,69,669.0,0,0,0.724,0,Value
852,25049.0,0.492,33,576.0,0,0,0.582,0,Value
853,40864.0,0.484,56,708.0,0,0,0.627,0,Core
854,30058.0,0.349,25,733.0,1,0,0.149,0,HighRisk
855,32778.0,0.221,47,819.0,0,0,0.614,0,Value
856,29879.0,0.509,41,658.0,0,0,0.21,0,Core
857,33450.0,0.313,67,650.0,0,0,0.192,0,HighRisk
858,34501.0,0.335,58,619.0,0,1,0.592,0,HighRisk
859,15094.0,0.279,66,691.0,0,0,0.305,0,Value
860,37545.0,0.213,62,691.0,0,0,0.548,0,Value
861,21084.0,0.144,41,635.0,0,0,0.58,0,Core
862,17947.0,0.396,56,670.0,0,0,0.59,0,Core
863,29131.0,0.226,22,571.0,1,0,0.351,0,Core
864,30620.0,0.687,48,731.0,0,0,0.748,0,Value
865,23325.0,0.19,23,638.0,1,1,0.53,0,Core
866,39770.0,0.169,56,678.0,0,0,0.647,0,Core
867,18587.0,0.381,68,602.0,0,0,0.287,0,HighRisk
868,25786.0,0.504,54,648.0,0,0,0.511,0,Core
869,24229.0,0.328,62,665.0,0,0,0.791,0,Value
870,29252.0,0.389,32,679.0,0,0,0.763,0,Core
871,32781.0,0.099,69,706.0,0,0,0.375,0,Core
872,20894.0,0.239,47,759.0,0,0,0.43,0,Core
873,38311.0,0.191,54,720.0,0,0,0.332,0,Core
874,30396.0,0.093,58,733.0,0,1,0.406,0,Core
875,15334.0,0.334,52,760.0,0,0,0.242,0,Core
876,15000.0,0.051,36,711.0,0,0,0.52,0,Value
877,29605.0,0.161,50,678.0,0,1,0.689,0,Core
878,27520.0,0.256,53,736.0,0,0,0.377,0,Core
879,28676.0,0.22,63,739.0,0,0,0.53,0,Core
880,29443.0,0.368,44,716.0,0,0,0.501,0,Core
881,32175.0,0.357,45,600.0,0,0,0.782,0,Core
882,41427.0,0.427,45,634.0,0,0,0.415,0,Core
883,20153.0,0.41,26,665.0,1,0,0.423,0,Value
884,19728.0,0.457,25,723.0,1,0,0.364,0,Value
885,20279.0,0.32,22,679.0,1,1,0.3,0,HighRisk
886,32896.0,0.356,53,743.0,0,1,0.666,0,Value
887,45969.0,0.381,41,752.0,0,0,0.52,0,Core
888,25566.0,0.337,63,746.0,0,0,0.562,0,Core
889,15000.0,0.272,55,746.0,1,0,0.83,0,Core
890,16376.0,0.28,27,623.0,1,0,0.843,0,Value
891,22213.0,0.222,25,707.0,1,0,0.188,0,Core
892,24460.0,0.371,38,647.0,0,0,0.693,0,Core
893,25773.0,0.309,66,589.0,0,0,0.6,0,HighRisk
894,30137.0,0.24,23,664.0,1,0,0.448,0,Core
895,26659.0,0.241,30,753.0,0,0,0.622,0,Core
896,42928.0,0.175,22,705.0,1,0,0.17,0,HighRisk
897,23468.0,0.437,41,791.0,0,0,0.872,0,Core
898,21987.0,0.329,69,690.0,0,0,0.663,0,Core
899,35158.0,0.216,54,815.0,0,1,0.36,0,Core
900,17370.0,0.417,45,690.0,0,0,0.421,0,Core
901,34077.0,0.253,28,681.0,0,0,0.175,0,HighRisk
902,30819.0,0.151,38,610.0,0,0,0.481,0,Value
903,28237.0,0.443,46,741.0,0,0,0.444,0,Core
904,51839.0,0.256,34,652.0,0,0,0.258,0,Core
905,23914.0,0.271,55,644.0,0,0,0.721,1,Core
906,61151.0,0.325,69,750.0,0,0,0.831,0,Value
907,27477.0,0.457,31,744.0,0,0,0.544,0,Core
908,19016.0,0.322,33,742.0,0,0,0.483,0,Core
909,30469.0,0.176,27,660.0,1,0,0.646,0,Value
910,20400.0,0.385,56,677.0,0,1,0.546,0,HighRisk
911,22854.0,0.262,43,677.0,0,0,0.312,0,HighRisk
912,34165.0,0.547,34,723.0,0,0,0.406,0,Value
913,36115.0,0.32,31,765.0,0,0,0.485,0,Core
914,23915.0,0.052,24,700.0,1,0,0.605,0,Value
915,42007.0,0.363,44,789.0,0,0,0.552,0,HighRisk
916,44584.0,0.553,54,729.0,0,1,0.596,0,Core
917,49154.0,0.509,32,667.0,1,0,0.215,0,Core
918,35785.0,0.54,21,726.0,1,1,0.696,0,Core
919,47916.0,0.198,44,774.0,1,0,0.551,0,HighRisk
920,15394.0,0.429,54,790.0,0,0,1.112,0,HighRisk
921,26602.0,0.233,37,745.0,0,0,0.465,0,Value
922,21951.0,0.347,33,681.0,0,1,0.621,0,Core
923,31000.0,0.167,28,668.0,0,0,1.172,0,HighRisk
924,24343.0,0.243,57,712.0,0,0,0.593,0,Core
925,28053.0,0.239,63,772.0,0,0,0.535,0,Core
926,57455.0,0.428,58,704.0,0,0,0.333,0,Value
927,28018.0,0.416,46,705.0,1,0,0.886,0,Value
928,34366.0,0.353,56,683.0,0,0,0.295,0,HighRisk
929,27411.0,0.158,40,662.0,0,0,0.644,0,Core
930,30531.0,0.283,22,671.0,1,0,0.446,0,Core
931,29795.0,0.23,39,687.0,0,0,0.508,0,Core
932,34784.0,0.424,55,774.0,0,0,0.237,0,Core
933,44706.0,0.461,52,667.0,1,0,0.845,0,HighRisk
934,52923.0,0.447,69,683.0,0,1,0.489,0,Core
935,33136.0,0.229,69,632.0,1,0,0.283,0,Core
936,36547.0,0.05,32,719.0,0,0,0.826,0,Core
937,19875.0,0.108,21,755.0,1,0,0.439,0,Value
938,28832.0,0.491,34,769.0,0,0,0.624,0,HighRisk
939,41320.0,0.272,63,691.0,0,0,0.735,0,Core
940,40259.0,0.23,60,712.0,1,0,0.654,0,Core
941,32018.0,0.517,25,672.0,1,0,0.067,0,HighRisk
942,40548.0,0.472,28,709.0,1,0,0.703,0,Value
943,35305.0,0.323,48,697.0,0,0,0.528,0,Core
944,45257.0,0.285,53,683.0,0,0,0.478,0,Core
945,32902.0,0.304,69,688.0,1,0,0.526,0,HighRisk
946,26252.0,0.347,57,705.0,0,0,0.196,0,Value
947,33441.0,0.512,31,664.0,1,0,0.592,0,Core
948,15000.0,0.371,22,667.0,1,1,0.25,0,Core
949,33996.0,0.407,52,774.0,0,0,0.487,0,Core
950,15000.0,0.46,48,829.0,0,0,0.584,0,Core
951,16265.0,0.18,66,614.0,0,1,0.786,0,Core
952,34826.0,0.411,49,611.0,0,0,0.37,0,Core
953,35141.0,0.285,45,627.0,0,1,0.869,0,Core
954,19794.0,0.05,35,674.0,0,0,0.758,0,Core
955,23173.0,0.065,25,729.0,1,0,0.456,0,Core
956,48035.0,0.198,63,713.0,1,0,0.306,0,Core
957,25099.0,0.384,61,689.0,0,0,0.232,0,Value
958,65187.0,0.334,28,709.0,0,1,0.61,0,Core
959,29713.0,0.342,55,642.0,0,0,0.388,0,HighRisk
960,34297.0,0.554,38,667.0,0,0,0.814,0,HighRisk
961,52360.0,0.168,42,679.0,0,0,0.401,0,HighRisk
962,31128.0,0.317,62,593.0,0,0,0.352,0,Core
963,20935.0,0.357,62,616.0,0,0,0.601,0,Core
964,28612.0,0.232,30,618.0,0,0,0.399,0,Value
965,29364.0,0.323,36,722.0,1,0,0.552,0,Core
966,18441.0,0.128,61,693.0,0,0,0.767,0,Core
967,27186.0,0.489,65,714.0,0,1,0.576,0,Core
968,22931.0,0.238,24,579.0,1,0,0.577,0,Value
969,41090.0,0.564,61,598.0,0,0,0.595,0,Value
970,30095.0,0.316,44,716.0,0,0,0.178,0,Core
971,26931.0,0.443,49,527.0,0,0,0.636,0,HighRisk
972,28648.0,0.314,24,747.0,1,0,0.585,0,Value
973,32148.0,0.316,54,580.0,0,0,0.746,0,Core
974,36897.0,0.25,54,726.0,0,0,0.683,0,Core
975,20954.0,0.334,53,631.0,0,0,0.506,0,Core
976,20649.0,0.358,59,738.0,0,0,0.777,0,HighRisk
977,43767.0,0.226,67,850.0,0,0,0.486,0,Value
978,25737.0,0.305,62,555.0,0,1,0.604,0,Value
979,18108.0,0.247,57,718.0,0,0,0.482,0,Value
980,34729.0,0.596,69,581.0,0,0,0.652,0,Core
981,34968.0,0.309,54,703.0,0,0,0.467,0,HighRisk
982,17400.0,0.505,53,669.0,0,0,0.912,0,HighRisk
983,32219.0,0.297,47,687.0,0,0,0.994,0,Value
984,38463.0,0.351,58,630.0,0,0,0.742,0,Core
985,33895.0,0.161,24,723.0,1,0,0.889,0,Core
986,37093.0,0.266,45,600.0,0,0,0.211,0,Core
987,18188.0,0.345,41,748.0,0,0,0.237,0,Core
988,33385.0,0.51,65,657.0,1,0,0.479,0,Value
989,26744.0,0.347,24,603.0,1,0,0.559,0,Value
990,25110.0,0.486,52,768.0,0,0,0.506,0,HighRisk
991,40324.0,0.397,30,676.0,0,0,0.189,0,Core
992,49898.0,0.515,64,785.0,0,0,0.803,0,Core
993,55716.0,0.313,62,747.0,0,0,1.024,0,Core
994,47107.0,0.607,32,636.0,0,0,0.832,0,HighRisk
995,28612.0,0.262,63,675.0,0,0,0.789,0,Value
996,33639.0,0.228,45,687.0,0,1,0.6,0,Core
997,38886.0,0.175,68,764.0,0,0,0.365,0,Value
998,31021.0,0.6,56,704.0,0,0,0.566,0,Value
999,31125.0,0.418,22,690.0,1,0,1.013,0,Core
1000,39669.0,0.28,30,669.0,1,0,0.473,0,Core
1001,29122.0,0.47,40,677.0,0,0,0.45,0,Core
1002,23035.0,0.403,31,752.0,0,0,0.794,0,Core
1003,25718.0,0.556,27,680.0,1,0,0.808,0,Value
1004,37118.0,0.134,68,658.0,0,0,0.363,0,Core
1005,29764.0,0.288,63,649.0,0,0,0.492,0,Value
1006,33492.0,0.264,42,650.0,0,0,0.44,0,Value
1007,37591.0,0.083,31,603.0,0,0,0.565,0,Core
1008,26077.0,0.447,29,639.0,0,0,0.793,0,HighRisk
1009,38742.0,0.288,65,762.0,0,0,0.373,0,Core
1010,33948.0,0.409,37,669.0,0,0,0.79,0,Value
1011,19299.0,0.603,21,719.0,1,0,0.572,0,Core
1012,49257.0,0.278,40,544.0,0,0,1.062,0,Value
1013,24953.0,0.269,43,711.0,0,0,0.62,0,Core
1014,16659.0,0.334,51,671.0,0,0,0.529,0,Core
1015,20624.0,0.438,37,654.0,0,0,0.676,0,Core
1016,20798.0,0.252,66,690.0,0,1,0.476,0,Value
1017,30281.0,0.244,52,653.0,0,1,0.155,0,Value
1018,27015.0,0.447,69,563.0,0,0,0.497,0,Value
1019,26426.0,0.365,38,731.0,0,0,0.494,0,Core
1020,36934.0,0.075,52,693.0,0,0,0.2,0,Value
1021,33488.0,0.173,38,663.0,0,0,0.534,0,Value
1022,33210.0,0.5,55,627.0,0,0,0.095,0,Core
1023,34319.0,0.368,57,599.0,0,0,0.474,0,Core
1024,36888.0,0.229,36,692.0,0,0,0.604,0,Core
1025,15000.0,0.3,66,769.0,1,0,0.571,0,Value
1026,26172.0,0.322,63,691.0,0,0,0.46,0,Core
1027,15000.0,0.408,64,604.0,0,0,0.531,0,Core
1028,30110.0,0.157,31,692.0,0,0,0.378,0,HighRisk
1029,29684.0,0.219,56,677.0,0,0,0.552,0,HighRisk
1030,42870.0,0.353,26,728.0,1,0,0.563,0,Core
1031,45056.0,0.308,26,713.0,1,0,0.352,0,HighRisk
1032,31919.0,0.389,68,516.0,0,0,0.609,0,Core
1033,24956.0,0.172,28,710.0,0,0,0.608,0,HighRisk
1034,35235.0,0.363,63,625.0,1,0,0.513,0,Core
1035,24717.0,0.451,42,602.0,0,0,1.083,0,Core
1036,29718.0,0.378,35,670.0,0,0,0.519,0,HighRisk
1037,41988.0,0.337,24,703.0,1,0,0.489,0,Core
1038,24460.0,0.308,54,590.0,0,0,0.457,0,Value
1039,39418.0,0.22,56,719.0,0,0,0.336,0,Core
1040,37688.0,0.311,43,722.0,0,0,0.701,0,Core
1041,21286.0,0.471,60,683.0,0,1,0.399,0,HighRisk
1042,41809.0,0.306,36,632.0,0,0,0.425,0,Core
1043,37968.0,0.213,48,626.0,1,0,0.432,0,HighRisk
1044,30812.0,0.261,35,736.0,0,0,0.333,0,HighRisk
1045,22770.0,0.344,49,597.0,0,0,0.165,0,Core
1046,22011.0,0.275,27,739.0,1,1,0.448,0,Core
1047,24632.0,0.378,44,671.0,0,0,0.742,0,Core
1048,35951.0,0.383,47,675.0,0,0,0.593,0,Core
1049,21280.0,0.427,48,586.0,0,0,0.893,0,Core
1050,34653.0,0.491,42,672.0,0,0,0.715,0,Core
1051,19252.0,0.44,52,714.0,1,0,0.665,0,Value
1052,27683.0,0.208,46,606.0,0,0,0.964,0,Core
1053,30896.0,0.212,34,707.0,0,0,0.529,0,Value
1054,69968.0,0.311,31,685.0,0,0,0.564,0,Core
1055,18360.0,0.266,52,645.0,0,0,0.547,0,Core
1056,49772.0,0.183,66,727.0,0,0,0.89,0,Core
1057,31334.0,0.267,57,559.0,0,0,0.551,0,Core
1058,34335.0,0.263,52,699.0,0,0,0.407,0,Value
1059,30990.0,0.239,66,769.0,0,0,0.679,0,Core
1060,34740.0,0.282,65,759.0,0,0,0.37,0,Value
1061,28176.0,0.461,45,701.0,0,0,0.667,0,Value
1062,49460.0,0.344,26,663.0,1,0,0.641,0,Core
1063,25342.0,0.617,52,645.0,0,0,0.508,0,HighRisk
1064,44191.0,0.34,51,663.0,0,0,0.674,0,HighRisk
1065,23729.0,0.285,34,710.0,0,0,0.223,0,Core
1066,29112.0,0.32,62,636.0,1,0,0.586,0,HighRisk
1067,20431.0,0.351,63,722.0,0,0,0.448,0,Core
1068,34866.0,0.372,37,797.0,0,0,1.18,0,Value
1069,49306.0,0.569,44,677.0,0,0,0.584,0,Core
1070,28938.0,0.219,30,606.0,0,0,0.419,0,Value
1071,27753.0,0.423,29,606.0,0,0,0.247,0,Value
1072,20128.0,0.345,33,723.0,0,0,0.837,0,HighRisk
1073,27440.0,0.131,38,677.0,0,0,0.473,0,HighRisk
1074,17026.0,0.412,34,728.0,0,0,0.376,0,Core
1075,21601.0,0.472,28,651.0,0,0,0.624,1,Value
1076,32189.0,0.217,42,726.0,1,0,0.693,0,Core
1077,47177.0,0.319,51,671.0,0,0,0.689,0,Core
1078,79477.0,0.113,36,640.0,0,0,0.554,0,Core
1079,24214.0,0.169,47,658.0,0,0,0.585,0,HighRisk
1080,49136.0,0.446,34,614.0,0,0,0.601,0,Value
1081,32381.0,0.264,55,789.0,0,0,0.624,0,Core
1082,28200.0,0.187,52,675.0,0,0,0.643,0,HighRisk
1083,34593.0,0.348,68,715.0,0,0,0.791,0,Value
1084,30384.0,0.257,23,650.0,1,0,0.562,0,Core
1085,30904.0,0.264,62,622.0,0,0,0.37,0,Core
1086,25773.0,0.409,37,667.0,1,0,0.518,0,Value
1087,18227.0,0.181,24,741.0,1,0,0.716,0,Value
1088,17322.0,0.211,54,651.0,0,0,0.157,0,Core
1089,37370.0,0.338,29,632.0,0,0,0.158,0,Core
1090,26988.0,0.436,29,689.0,0,0,0.752,0,Core
1091,24134.0,0.469,69,707.0,1,0,0.884,0,Core
1092,29821.0,0.24,31,770.0,0,0,0.272,0,Core
1093,39270.0,0.432,47,699.0,0,0,0.572,0,Core
1094,31670.0,0.226,30,715.0,0,0,0.462,0,Core
1095,23633.0,0.539,27,720.0,1,0,0.493,0,Value
1096,45670.0,0.184,21,617.0,1,0,0.617,0,Core
1097,51674.0,0.479,21,627.0,1,0,0.266,0,Core
1098,35351.0,0.241,44,620.0,1,0,0.306,0,Core
1099,41805.0,0.562,42,607.0,0,0,0.484,0,HighRisk
1100,45921.0,0.391,22,724.0,1,1,0.518,0,Core
1101,44158.0,0.198,38,696.0,0,0,0.302,0,Core
1102,36862.0,0.257,34,684.0,1,1,0.724,0,Core
1103,36659.0,0.414,48,537.0,0,1,0.458,0,Value
1104,35663.0,0.446,69,793.0,0,0,0.457,0,Core
1105,20250.0,0.312,54,631.0,0,0,0.612,0,Core
1106,37997.0,0.325,66,793.0,0,0,0.522,0,HighRisk
1107,18499.0,0.411,30,600.0,0,0,0.734,0,Value
1108,22514.0,0.336,31,635.0,0,0,0.345,0,Core
1109,46922.0,0.165,57,559.0,0,0,0.243,1,Core
1110,39898.0,0.222,36,700.0,0,1,0.482,0,HighRisk
1111,50041.0,0.348,62,619.0,0,0,0.563,0,HighRisk
1112,27036.0,0.466,43,621.0,1,1,0.277,0,Value
1113,19865.0,0.514,30,605.0,0,0,0.245,0,Value
1114,27333.0,0.414,62,723.0,0,0,0.59,0,HighRisk
1115,30814.0,0.354,47,719.0,0,0,0.383,0,HighRisk
1116,30566.0,0.41,60,780.0,0,0,0.23,0,Core
1117,44214.0,0.24,43,642.0,0,0,0.762,0,HighRisk
1118,26201.0,0.302,27,692.0,1,0,0.411,0,Value
1119,33631.0,0.221,54,609.0,0,0,0.803,0,Value
1120,21036.0,0.17,27,662.0,1,0,0.556,0,Core
1121,34808.0,0.36,53,651.0,0,0,0.615,0,Core
1122,29765.0,0.342,41,706.0,0,0,0.503,0,Value
1123,22870.0,0.403,59,736.0,0,0,0.02,0,Value
1124,27377.0,0.386,63,735.0,0,0,0.3,0,Core
1125,27876.0,0.349,40,634.0,0,0,0.522,0,Value
1126,27050.0,0.387,64,735.0,0,0,0.63,0,Core
1127,55269.0,0.315,26,678.0,1,0,0.156,0,Core
1128,28726.0,0.37,26,662.0,1,0,0.538,0,Value
1129,27300.0,0.233,69,641.0,0,0,0.303,0,Value
1130,15000.0,0.364,49,649.0,0,1,0.602,0,Core
1131,21743.0,0.4,43,776.0,0,0,0.546,0,Core
1132,27117.0,0.24,28,697.0,0,0,0.714,0,Core
1133,23387.0,0.326,35,690.0,0,0,0.785,0,Value
1134,48223.0,0.245,54,666.0,0,1,0.651,0,HighRisk
1135,28065.0,0.257,61,815.0,1,0,0.739,0,Value
1136,46675.0,0.185,65,752.0,0,0,0.473,0,Value
1137,30382.0,0.472,40,640.0,0,0,1.171,0,Core
1138,30123.0,0.448,43,665.0,0,0,0.282,0,Core
1139,28823.0,0.384,29,668.0,0,0,0.434,0,HighRisk
1140,29772.0,0.557,25,688.0,1,0,0.748,0,Core
1141,54262.0,0.297,42,641.0,0,0,0.716,0,Core
1142,15000.0,0.684,49,704.0,0,0,0.657,0,Core
1143,15000.0,0.293,26,760.0,1,0,0.699,0,Value
1144,24585.0,0.351,41,608.0,1,0,0.092,0,Core
1145,29884.0,0.272,52,618.0,0,0,0.9,0,Core
1146,37856.0,0.365,60,653.0,0,0,0.505,0,Value
1147,35087.0,0.42,66,656.0,0,0,0.824,0,Core
1148,25991.0,0.306,37,790.0,0,0,0.103,0,Core
1149,42475.0,0.533,40,735.0,1,0,0.606,0,Value
1150,42641.0,0.349,63,732.0,0,1,0.426,0,HighRisk
1151,31711.0,0.352,54,665.0,0,0,0.676,0,Core
1152,41645.0,0.211,34,664.0,0,0,0.62,0,Core
1153,32710.0,0.37,54,600.0,0,0,0.631,0,Core
1154,24428.0,0.304,28,723.0,0,0,0.317,0,Core
1155,37958.0,0.247,43,707.0,0,0,0.537,0,HighRisk
1156,30906.0,0.227,36,751.0,1,0,0.51,0,Value
1157,29747.0,0.641,69,668.0,0,0,0.659,0,Core
1158,49788.0,0.288,22,672.0,1,0,0.768,0,Value
1159,15000.0,0.145,62,689.0,0,0,0.583,0,Core
1160,18103.0,0.236,34,729.0,0,0,0.269,0,Core
1161,19624.0,0.314,22,599.0,1,0,0.574,0,HighRisk
1162,26183.0,0.386,53,720.0,0,0,1.124,0,Core
1163,27198.0,0.387,54,679.0,1,0,0.912,0,Core
1164,17543.0,0.401,27,622.0,1,1,0.02,0,HighRisk
1165,21061.0,0.243,22,565.0,1,0,0.564,0,Core
1166,21998.0,0.361,26,672.0,1,0,0.755,0,Core
1167,70270.0,0.215,41,760.0,0,0,0.51,0,Core
1168,55860.0,0.246,27,772.0,1,0,0.449,0,Core
1169,25742.0,0.21,55,700.0,0,1,0.491,0,Core
1170,26180.0,0.177,24,788.0,1,0,0.671,0,Core
1171,19886.0,0.448,59,678.0,1,0,0.297,0,Core
1172,15247.0,0.403,63,732.0,0,0,0.812,0,Core
1173,28541.0,0.437,56,655.0,1,0,0.538,0,Value
1174,20968.0,0.325,67,652.0,0,0,0.344,0,HighRisk
1175,28863.0,0.413,67,643.0,0,0,0.797,0,Value
1176,16982.0,0.109,23,567.0,1,0,0.21,0,Value
1177,22772.0,0.424,37,751.0,0,0,0.428,0,Value
1178,31320.0,0.341,58,645.0,0,0,0.424,0,Core
1179,33799.0,0.395,37,636.0,0,0,1.022,0,Core
1180,34410.0,0.366,57,615.0,0,0,0.399,0,Core
1181,18729.0,0.202,58,669.0,0,0,0.076,0,Core
1182,40100.0,0.14,69,777.0,0,0,0.422,0,HighRisk
1183,22470.0,0.235,37,795.0,1,0,0.65,0,Core
1184,37105.0,0.388,38,589.0,0,0,0.722,0,HighRisk
1185,29622.0,0.403,22,661.0,1,0,1.051,0,Core
1186,18366.0,0.156,34,623.0,0,1,0.86,0,Core
1187,26618.0,0.202,34,734.0,0,0,0.591,0,Core
1188,33789.0,0.233,43,696.0,1,1,0.354,0,Core
1189,36847.0,0.277,41,645.0,0,0,0.907,0,Core
1190,28301.0,0.157,62,684.0,0,0,0.469,0,Value
1191,50824.0,0.149,58,654.0,0,0,0.405,0,Core
1192,42304.0,0.221,56,769.0,0,1,0.458,0,Value
1193,27178.0,0.33,21,710.0,1,0,0.274,0,HighRisk
1194,38659.0,0.178,44,717.0,0,1,0.448,0,Core
1195,58503.0,0.306,56,533.0,0,0,0.499,0,HighRisk
1196,59052.0,0.447,32,676.0,0,0,0.711,0,Core
1197,19345.0,0.164,41,795.0,0,0,0.465,0,Core
1198,21498.0,0.295,56,753.0,1,0,0.271,0,Core
1199,49997.0,0.443,59,578.0,1,0,0.197,0,Value
1200,20529.0,0.27,62,663.0,1,0,0.596,0,Core
1201,18716.0,0.251,42,614.0,0,0,0.566,0,Value
1202,25080.0,0.46,40,774.0,0,0,0.428,0,HighRisk
1203,34444.0,0.283,39,693.0,0,0,0.447,0,Core
1204,28686.0,0.453,53,638.0,0,0,0.635,0,Value
1205,23678.0,0.371,41,682.0,0,0,0.856,0,Value
1206,23483.0,0.279,40,537.0,0,0,0.378,0,Core
1207,23172.0,0.378,29,620.0,0,0,0.57,0,Core
1208,21855.0,0.358,44,682.0,1,0,0.761,0,Core
1209,66077.0,0.443,32,727.0,0,0,0.379,0,Core
1210,32996.0,0.254,46,573.0,0,0,0.547,0,Value
1211,40553.0,0.325,64,659.0,0,0,0.542,0,Core
1212,25055.0,0.313,59,736.0,0,0,0.262,0,Core
1213,27859.0,0.404,44,600.0,0,0,0.587,0,Value
1214,23162.0,0.197,68,693.0,0,0,0.557,0,Value
1215,15000.0,0.442,69,684.0,0,0,0.672,0,HighRisk
1216,18356.0,0.376,42,774.0,0,0,0.289,0,Core
1217,15777.0,0.162,58,667.0,1,0,0.552,0,Value
1218,15000.0,0.465,37,671.0,0,0,0.854,0,Core
1219,19567.0,0.588,64,727.0,0,0,1.007,0,Value
1220,47275.0,0.44,39,607.0,1,1,0.832,0,Core
1221,29274.0,0.491,33,668.0,0,0,0.291,0,Core
1222,46709.0,0.33,27,655.0,1,0,0.649,0,HighRisk
1223,34332.0,0.121,62,672.0,0,0,0.444,0,Value
1224,39101.0,0.099,35,727.0,0,0,0.612,0,Value
1225,21692.0,0.351,60,710.0,0,0,0.38,0,Core
1226,35717.0,0.249,25,639.0,1,0,0.173,0,Value
1227,38371.0,0.21,45,688.0,0,0,0.474,0,Core
1228,24299.0,0.312,41,762.0,0,0,0.709,0,Core
1229,36165.0,0.394,42,634.0,0,0,0.613,0,Core
1230,36249.0,0.146,29,688.0,0,0,0.639,0,Core
1231,24530.0,0.266,24,669.0,1,0,0.598,0,Core
1232,20071.0,0.501,37,677.0,0,0,0.639,0,Value
1233,19645.0,0.191,44,590.0,1,0,0.666,0,Core
1234,30647.0,0.424,59,758.0,0,0,0.49,0,Value
1235,33338.0,0.262,43,637.0,0,0,0.568,0,HighRisk
1236,22530.0,0.385,33,736.0,0,0,0.934,0,Core
1237,30011.0,0.452,33,646.0,0,0,0.581,0,Value
1238,36304.0,0.409,50,646.0,0,0,0.559,0,Core
1239,36915.0,0.429,42,747.0,0,0,0.573,0,HighRisk
1240,51183.0,0.182,65,735.0,0,0,0.502,0,Core
1241,46488.0,0.454,42,691.0,0,0,0.454,0,Core
1242,20943.0,0.218,48,722.0,0,1,0.596,0,Core
1243,53597.0,0.351,24,664.0,1,0,0.439,0,HighRisk
1244,24690.0,0.351,30,680.0,0,0,0.518,0,Core
1245,42860.0,0.378,62,644.0,1,0,0.376,0,Value
1246,30449.0,0.36,37,730.0,0,0,0.574,0,Core
1247,25739.0,0.219,41,642.0,0,0,0.679,0,Value
1248,15793.0,0.158,49,762.0,0,0,0.503,0,Core
1249,28000.0,0.425,23,663.0,1,1,0.108,0,Core
1250,17227.0,0.342,45,681.0,0,0,0.68,0,Core
1251,41712.0,0.458,37,722.0,0,1,0.576,0,Core
1252,50558.0,0.315,28,681.0,0,0,0.331,0,Value
1253,22496.0,0.151,41,664.0,0,0,0.72,0,Value
1254,33047.0,0.436,42,678.0,0,0,0.242,0,Core
1255,23066.0,0.276,30,729.0,0,0,0.78,0,Core
1256,23862.0,0.361,47,644.0,0,0,0.537,0,Core
1257,38990.0,0.242,57,673.0,0,0,0.051,0,Value
1258,29334.0,0.517,34,681.0,0,0,0.589,0,Value
1259,54659.0,0.215,68,728.0,0,0,0.461,0,HighRisk
1260,25115.0,0.28,51,675.0,0,0,0.427,0,HighRisk
1261,42183.0,0.333,58,779.0,0,0,0.388,0,Core
1262,30764.0,0.189,24,671.0,1,0,0.522,0,Core
1263,39282.0,0.36,58,667.0,0,0,0.443,0,HighRisk
1264,25425.0,0.513,37,671.0,0,0,0.142,0,Core
1265,29221.0,0.261,55,608.0,1,0,0.83,0,Core
1266,28555.0,0.367,60,623.0,0,1,0.496,0,Core
1267,22190.0,0.05,33,651.0,0,0,0.389,0,Value
1268,37486.0,0.315,33,742.0,0,0,0.302,0,Value
1269,37331.0,0.282,23,678.0,1,0,0.72,0,HighRisk
1270,36598.0,0.222,50,653.0,1,0,0.264,0,Core
1271,50916.0,0.45,58,747.0,0,0,0.579,0,Core
1272,49379.0,0.281,41,765.0,0,0,0.422,0,Core
1273,26076.0,0.299,28,749.0,0,0,0.434,0,Value
1274,33880.0,0.275,36,633.0,0,0,0.307,0,Core
1275,23903.0,0.09,40,653.0,0,0,0.414,0,HighRisk
1276,29977.0,0.184,65,780.0,0,0,0.552,0,Core
1277,24103.0,0.435,27,693.0,1,0,0.602,0,Value
1278,52419.0,0.067,37,665.0,0,0,0.377,0,Value
1279,33769.0,0.228,52,720.0,0,0,0.53,0,Core
1280,27548.0,0.272,32,735.0,0,0,0.745,0,Value
1281,45151.0,0.529,64,649.0,1,0,0.184,0,Core
1282,15000.0,0.412,65,692.0,1,0,0.549,0,Value
1283,15000.0,0.253,39,731.0,0,0,0.341,0,Value
1284,39283.0,0.477,57,616.0,0,0,0.318,0,Value
1285,30369.0,0.231,58,681.0,0,0,0.607,0,Core
1286,32457.0,0.441,54,619.0,0,1,0.43,0,HighRisk
1287,18690.0,0.157,30,626.0,0,0,0.282,0,HighRisk
1288,29492.0,0.449,23,649.0,1,1,0.841,0,Value
1289,59948.0,0.271,38,706.0,0,1,0.752,0,HighRisk
1290,39675.0,0.197,27,662.0,1,0,0.125,0,Core
1291,31552.0,0.294,35,644.0,0,0,0.226,0,Core
1292,25497.0,0.353,52,683.0,0,0,0.681,0,Core
1293,25897.0,0.261,49,617.0,0,1,0.487,0,Core
1294,15000.0,0.386,31,704.0,0,0,0.88,0,Core
1295,32538.0,0.25,21,742.0,1,0,0.686,0,Value
1296,39971.0,0.394,32,676.0,1,0,0.616,0,Core
1297,17129.0,0.373,43,669.0,0,0,0.325,0,Core
1298,23588.0,0.313,59,701.0,0,0,0.658,1,Value
1299,19829.0,0.267,38,568.0,1,0,0.269,0,Value
1300,21208.0,0.338,35,710.0,0,0,0.837,0,HighRisk
1301,30294.0,0.386,48,850.0,0,0,0.643,0,Core
1302,15000.0,0.567,24,673.0,1,0,0.369,0,Value
1303,36864.0,0.433,32,673.0,0,0,0.727,0,Core
1304,38710.0,0.437,22,721.0,1,0,1.043,0,Core
1305,27231.0,0.691,46,770.0,0,0,0.502,0,Value
1306,15000.0,0.382,42,734.0,1,0,0.671,0,Core
1307,20979.0,0.378,49,561.0,0,0,0.455,0,Value
1308,45776.0,0.404,51,711.0,0,0,0.569,0,Core
1309,15000.0,0.199,40,821.0,0,0,0.218,0,Core
1310,26327.0,0.267,63,714.0,0,0,0.55,0,Core
1311,19673.0,0.259,65,616.0,0,1,0.56,0,Core
1312,39403.0,0.398,26,696.0,1,0,0.946,0,Core
1313,23475.0,0.299,66,610.0,0,0,0.155,0,Core
1314,34248.0,0.337,30,748.0,0,0,0.488,0,Core
1315,36240.0,0.45,33,627.0,0,0,0.833,0,Value
1316,56539.0,0.424,46,684.0,0,0,0.497,0,Core
1317,27694.0,0.301,22,633.0,1,0,0.512,0,Value
1318,33915.0,0.24,38,650.0,0,0,0.367,0,Value
1319,17681.0,0.456,30,762.0,0,0,0.345,0,Core
1320,45100.0,0.413,44,686.0,0,0,0.148,0,Core
1321,22784.0,0.127,60,649.0,0,0,0.412,0,Value
1322,24434.0,0.282,66,617.0,0,0,0.332,0,HighRisk
1323,29502.0,0.34,31,577.0,0,0,0.576,0,Core
1324,17206.0,0.413,47,611.0,1,0,0.377,0,Value
1325,32211.0,0.429,44,686.0,0,0,0.444,0,Core
1326,41715.0,0.354,41,734.0,0,0,0.451,0,Core
1327,32943.0,0.39,52,649.0,0,0,0.539,0,Core
1328,17050.0,0.328,69,766.0,0,0,0.434,0,Core
1329,28472.0,0.239,40,641.0,0,0,0.316,0,Core
1330,38550.0,0.289,24,667.0,1,0,0.569,0,Core
1331,15409.0,0.322,65,621.0,1,1,0.785,0,Core
1332,20411.0,0.316,66,734.0,0,0,0.578,0,Value
1333,40408.0,0.094,36,795.0,0,0,0.416,0,Core
1334,32680.0,0.272,45,583.0,0,0,0.523,0,Value
1335,34344.0,0.327,63,661.0,0,0,0.099,0,HighRisk
1336,57001.0,0.286,45,750.0,0,0,0.519,0,Core
1337,35031.0,0.29,44,600.0,0,0,0.462,0,Core
1338,37431.0,0.379,66,711.0,1,0,0.345,0,Core
1339,76785.0,0.191,61,747.0,0,1,0.385,1,HighRisk
1340,27589.0,0.125,45,684.0,0,0,0.46,0,Core
1341,22488.0,0.278,28,710.0,0,0,0.768,0,Core
1342,34535.0,0.412,42,777.0,0,0,0.79,0,HighRisk
1343,34671.0,0.523,54,787.0,0,1,0.346,0,Core
1344,24727.0,0.414,34,677.0,0,0,0.436,0,Core
1345,20716.0,0.144,47,651.0,0,1,0.442,0,HighRisk
1346,66732.0,0.292,53,629.0,0,0,0.728,0,HighRisk
1347,33336.0,0.351,25,734.0,1,0,0.582,0,Core
1348,23010.0,0.341,48,605.0,0,0,0.57,0,Core
1349,40969.0,0.385,57,666.0,0,0,0.668,0,Core
1350,28618.0,0.21,31,686.0,1,0,0.419,0,Core
1351,27214.0,0.328,47,652.0,1,0,0.85,0,Core
1352,36199.0,0.37,55,695.0,0,0,0.55,0,Core
1353,18917.0,0.419,23,821.0,1,0,0.362,0,Value
1354,33638.0,0.223,52,673.0,0,0,0.499,0,Value
1355,58078.0,0.279,33,656.0,0,0,0.821,0,HighRisk
1356,35002.0,0.05,40,736.0,0,0,0.456,0,Value
1357,26064.0,0.245,52,693.0,0,0,0.759,0,Core
1358,24897.0,0.257,21,759.0,1,0,0.412,0,Core
1359,25755.0,0.198,21,689.0,1,0,0.382,0,Core
1360,27204.0,0.34,42,666.0,0,0,0.695,0,Core
1361,26050.0,0.313,67,582.0,0,0,0.358,0,Core
1362,40975.0,0.05,21,591.0,1,0,0.731,0,Value
1363,16210.0,0.346,59,579.0,0,0,0.627,0,Core
1364,40203.0,0.209,24,701.0,1,0,0.358,1,Core
1365,26033.0,0.378,44,605.0,0,1,0.534,0,Core
1366,33926.0,0.166,42,749.0,0,0,0.429,0,HighRisk
1367,20041.0,0.324,43,682.0,0,0,0.627,0,Value
1368,47336.0,0.286,25,667.0,1,0,0.965,0,Core
1369,45980.0,0.356,57,634.0,0,0,0.468,0,Core
1370,41600.0,0.335,34,714.0,1,1,0.667,0,HighRisk
1371,17498.0,0.289,58,636.0,0,1,0.555,1,Core
1372,39743.0,0.136,53,626.0,0,0,0.555,0,Value
1373,34259.0,0.143,48,745.0,0,0,0.514,0,Value
1374,16952.0,0.25,36,700.0,0,0,0.361,0,Value
1375,29481.0,0.319,52,667.0,1,0,0.624,0,Core
1376,33779.0,0.247,69,715.0,0,0,0.486,0,HighRisk
1377,36121.0,0.395,66,680.0,0,1,0.351,0,Core
1378,31636.0,0.286,65,701.0,0,0,0.773,0,Core
1379,32923.0,0.204,31,635.0,0,0,0.572,0,Core
1380,49800.0,0.287,49,794.0,0,0,0.5,0,Core
1381,45666.0,0.347,40,648.0,0,0,0.845,0,Core
1382,15000.0,0.359,68,766.0,1,0,0.146,0,Value
1383,26606.0,0.545,67,670.0,0,0,0.83,0,HighRisk
1384,28068.0,0.24,63,724.0,0,0,0.356,0,Core
1385,16103.0,0.311,28,720.0,0,0,0.597,0,Value
1386,30729.0,0.371,36,743.0,0,0,0.421,0,HighRisk
1387,46031.0,0.317,55,634.0,1,0,0.347,0,Core
1388,20327.0,0.26,57,739.0,0,0,0.839,0,Value
1389,33448.0,0.134,38,782.0,1,0,0.958,0,HighRisk
1390,21579.0,0.259,27,666.0,1,1,0.501,0,Value
1391,23502.0,0.191,27,682.0,1,1,0.624,0,Core
1392,49866.0,0.113,54,651.0,1,0,0.563,0,HighRisk
1393,24590.0,0.225,43,661.0,0,0,0.931,1,Value
1394,34954.0,0.194,45,774.0,0,0,0.085,0,Core
1395,15446.0,0.39,60,625.0,0,0,0.633,0,Core
1396,57057.0,0.392,21,628.0,1,0,0.39,0,Core
1397,36715.0,0.212,57,769.0,0,0,0.032,0,Core
1398,27893.0,0.289,34,714.0,0,0,0.471,0,Core
1399,36368.0,0.097,66,797.0,0,0,0.957,0,Core
1400,18152.0,0.261,67,655.0,0,0,0.406,0,Value
1401,44976.0,0.368,45,687.0,0,1,0.724,0,Value
1402,26545.0,0.419,36,644.0,0,0,0.814,0,Core
1403,27683.0,0.234,32,688.0,0,1,0.547,0,Core
1404,25032.0,0.446,29,582.0,0,0,0.577,0,Core
1405,24265.0,0.138,69,718.0,0,0,0.172,0,Core
1406,37916.0,0.17,30,698.0,1,1,0.392,0,Value
1407,32519.0,0.405,42,677.0,0,0,0.75,0,Core
1408,37351.0,0.521,44,659.0,0,0,0.563,0,HighRisk
1409,29641.0,0.379,54,631.0,0,0,0.631,0,Core
1410,35583.0,0.315,62,720.0,0,0,0.579,0,Core
1411,25678.0,0.057,48,616.0,0,0,1.032,0,HighRisk
1412,64887.0,0.077,58,708.0,0,0,0.455,0,Core
1413,17175.0,0.336,48,794.0,0,0,0.903,0,Core
1414,46227.0,0.277,42,762.0,0,0,0.579,0,Core
1415,47991.0,0.187,28,597.0,0,0,0.923,0,Value
1416,22065.0,0.328,31,650.0,0,0,0.281,0,Core
1417,64877.0,0.334,42,703.0,0,0,0.591,0,Value
1418,42126.0,0.433,23,676.0,1,0,0.463,0,Value
1419,41769.0,0.336,36,603.0,0,0,0.581,0,HighRisk
1420,30026.0,0.467,43,701.0,0,1,0.819,0,Value
1421,27556.0,0.321,44,679.0,0,0,0.633,0,Value
1422,27631.0,0.306,60,785.0,0,0,0.818,0,Value
1423,34087.0,0.448,68,666.0,0,0,0.403,0,Core
1424,48553.0,0.203,56,744.0,0,0,0.369,1,Value
1425,31681.0,0.658,24,610.0,1,0,0.554,0,Value
1426,21612.0,0.365,41,623.0,0,0,0.541,1,Core
1427,39678.0,0.366,56,720.0,1,0,0.509,0,Value
1428,41044.0,0.383,50,740.0,0,0,0.339,0,Core
1429,37389.0,0.545,43,627.0,0,0,0.814,0,Core
1430,38597.0,0.415,42,681.0,0,0,0.47,0,Core
1431,27043.0,0.127,40,604.0,0,0,0.864,0,Core
1432,21479.0,0.488,49,670.0,0,0,0.553,0,Core
1433,21941.0,0.279,29,726.0,0,0,0.693,0,Core
1434,16774.0,0.333,46,656.0,1,0,0.673,0,Core
1435,32304.0,0.166,31,666.0,0,0,0.369,0,Core
1436,28877.0,0.383,54,618.0,0,0,0.631,0,Value
1437,25489.0,0.242,63,644.0,1,0,0.974,0,Core
1438,15000.0,0.332,45,777.0,0,1,0.605,0,HighRisk
1439,19215.0,0.286,39,684.0,0,0,0.748,0,Value
1440,44015.0,0.551,67,625.0,0,0,0.703,0,Core
1441,23562.0,0.558,53,663.0,0,0,0.618,0,Core
1442,33732.0,0.326,41,592.0,1,0,0.591,0,Core
1443,18274.0,0.328,22,624.0,1,0,0.67,0,Core
1444,49195.0,0.275,21,755.0,1,0,0.718,0,Core
1445,28271.0,0.453,31,672.0,1,0,0.253,0,Value
1446,32909.0,0.281,32,784.0,0,0,0.604,0,Value
1447,67106.0,0.269,56,675.0,0,0,0.51,0,Core
1448,50552.0,0.437,45,678.0,0,0,0.464,0,Value
1449,26708.0,0.255,69,715.0,0,0,0.835,0,Core
1450,24158.0,0.315,47,533.0,0,0,0.389,0,Value
1451,26531.0,0.13,65,691.0,0,0,0.243,0,HighRisk
1452,35542.0,0.405,48,677.0,1,0,0.725,0,Core
1453,28658.0,0.553,38,762.0,0,0,0.238,0,Value
1454,25891.0,0.407,56,733.0,0,0,0.126,0,Value
1455,49688.0,0.495,43,618.0,0,0,0.75,0,Core
1456,28568.0,0.218,34,748.0,0,0,0.585,0,Core
1457,66493.0,0.348,44,666.0,0,0,0.654,0,Value
1458,30692.0,0.207,53,630.0,0,1,0.453,1,Core
1459,55540.0,0.293,39,691.0,0,1,0.245,0,Core
1460,33694.0,0.413,55,669.0,0,0,0.289,0,Value
1461,41649.0,0.332,69,765.0,0,0,0.49,0,Core
1462,23072.0,0.15,41,699.0,0,0,0.27,0,Core
1463,22053.0,0.162,35,691.0,0,0,0.618,0,HighRisk
1464,34923.0,0.154,40,730.0,1,0,0.448,0,Core
1465,42024.0,0.379,62,740.0,1,0,0.591,0,Core
1466,30155.0,0.568,29,723.0,0,0,0.584,0,Value
1467,18954.0,0.483,68,758.0,0,0,0.635,0,Core
1468,18470.0,0.092,41,713.0,0,0,0.66,0,Value
1469,18043.0,0.491,62,689.0,0,1,0.474,0,Value
1470,16016.0,0.432,59,748.0,0,0,0.59,0,Core
1471,30894.0,0.135,59,675.0,0,0,0.602,0,Core
1472,44080.0,0.284,65,682.0,0,0,0.02,0,HighRisk
1473,29593.0,0.451,30,775.0,0,1,0.692,0,HighRisk
1474,15000.0,0.386,50,769.0,0,0,0.583,0,Core
1475,27812.0,0.163,25,680.0,1,0,0.674,0,Core
1476,28086.0,0.393,35,655.0,1,0,0.267,0,Core
1477,61920.0,0.063,22,760.0,1,0,0.481,0,HighRisk
1478,17854.0,0.293,54,724.0,0,0,0.31,0,Value
1479,25933.0,0.457,50,697.0,0,0,0.714,0,Core
1480,54017.0,0.322,57,662.0,0,0,0.241,0,HighRisk
1481,34804.0,0.26,29,698.0,0,0,0.346,0,Core
1482,36212.0,0.427,37,679.0,0,0,0.668,0,Core
1483,30949.0,0.437,54,643.0,1,1,0.412,0,Value
1484,33372.0,0.477,61,687.0,0,0,0.346,0,Core
1485,39033.0,0.425,64,695.0,1,0,0.749,0,Value
1486,22397.0,0.45,24,659.0,1,0,0.758,0,Core
1487,40430.0,0.408,40,730.0,0,1,0.709,0,Value
1488,18388.0,0.352,21,751.0,1,0,0.737,0,HighRisk
1489,33354.0,0.331,61,733.0,0,0,0.499,0,Core
1490,31652.0,0.292,27,665.0,1,0,0.505,0,Core
1491,23964.0,0.175,61,722.0,0,0,0.407,0,Value
1492,29497.0,0.205,28,684.0,0,0,0.587,0,Core
1493,23911.0,0.286,21,612.0,1,0,0.434,0,Value
1494,20433.0,0.349,64,717.0,0,1,0.455,0,Value
1495,26271.0,0.493,42,688.0,0,0,0.682,0,Core
1496,20203.0,0.315,41,823.0,0,0,0.811,0,HighRisk
1497,33289.0,0.44,52,760.0,0,0,0.638,0,Core
1498,19880.0,0.45,34,719.0,0,0,0.945,0,Core
1499,38147.0,0.292,54,694.0,0,0,0.395,0,Core
1500,19663.0,0.391,42,689.0,0,0,0.146,0,Value
1501,24387.0,0.291,34,625.0,0,0,0.707,0,HighRisk
1502,23894.0,0.479,40,584.0,0,0,0.38,0,Core
1503,47278.0,0.396,21,632.0,1,0,0.49,0,Core
1504,33376.0,0.177,35,677.0,1,0,0.161,0,Core
1505,27609.0,0.339,49,564.0,0,0,0.352,0,Value
1506,35403.0,0.518,27,650.0,1,0,0.22,0,Core
1507,15000.0,0.298,26,666.0,1,0,0.454,0,Core
1508,29287.0,0.374,53,668.0,0,0,0.463,0,Core
1509,59822.0,0.386,41,644.0,0,0,0.57,0,Core
1510,31142.0,0.196,27,661.0,1,0,0.823,0,Value
1511,30448.0,0.381,57,775.0,0,0,0.699,0,Core
1512,36021.0,0.153,58,716.0,0,0,0.193,0,Core
1513,40679.0,0.245,22,649.0,1,1,0.684,0,Core
1514,15000.0,0.449,30,676.0,0,0,0.575,0,Core
1515,16501.0,0.363,39,678.0,1,0,0.528,0,Core
1516,32004.0,0.283,56,638.0,0,0,0.545,0,Core
1517,23151.0,0.374,24,638.0,1,0,0.595,0,Core
1518,47061.0,0.313,60,736.0,0,0,0.398,0,Core
1519,26627.0,0.322,36,657.0,0,0,0.51,0,Core
1520,15107.0,0.399,27,620.0,1,0,0.81,0,Value
1521,19076.0,0.233,63,678.0,1,0,0.395,0,Core
1522,15000.0,0.325,25,686.0,1,0,0.323,0,Core
1523,27393.0,0.283,27,572.0,1,0,0.536,0,Value
1524,27835.0,0.13,67,678.0,0,0,0.301,0,Core
1525,25628.0,0.21,46,728.0,1,1,0.171,0,Core
1526,43374.0,0.508,43,705.0,0,0,0.474,0,Value
1527,45228.0,0.366,54,803.0,0,0,0.869,0,Core
1528,28011.0,0.161,51,749.0,0,0,0.542,0,HighRisk
1529,15000.0,0.135,51,760.0,0,0,0.589,0,Core
1530,36903.0,0.307,22,834.0,1,0,0.081,0,HighRisk
1531,36112.0,0.507,48,722.0,1,0,0.646,0,Value
1532,33133.0,0.298,34,689.0,0,0,0.571,0,Core
1533,41920.0,0.477,60,734.0,0,0,0.404,0,Core
1534,19778.0,0.362,45,649.0,0,0,0.59,0,Value
1535,60058.0,0.377,27,686.0,1,0,0.587,0,Core
1536,21252.0,0.16,64,644.0,1,0,0.317,0,Core
1537,38647.0,0.433,34,702.0,0,0,0.623,0,HighRisk
1538,16472.0,0.28,34,644.0,0,0,0.813,0,Value
1539,21470.0,0.424,66,642.0,1,0,0.5,0,HighRisk
1540,50551.0,0.222,58,703.0,0,1,0.359,0,Value
1541,27138.0,0.341,63,672.0,0,0,0.511,0,Value
1542,39894.0,0.362,53,574.0,0,0,0.738,0,Value
1543,32304.0,0.302,65,600.0,1,0,0.28,0,Value
1544,28660.0,0.369,26,617.0,1,0,0.677,0,HighRisk
1545,47923.0,0.288,50,631.0,0,0,0.401,0,Value
1546,27369.0,0.242,35,703.0,0,0,0.603,0,Core
1547,15942.0,0.513,40,692.0,1,0,0.426,0,Value
1548,22446.0,0.446,32,739.0,0,0,0.425,0,Core
1549,36059.0,0.229,31,721.0,0,0,0.885,0,HighRisk
1550,34147.0,0.388,42,739.0,1,0,0.24,0,Value
1551,17180.0,0.231,65,713.0,0,0,0.657,0,Value
1552,23074.0,0.178,52,692.0,0,0,0.931,0,Core
1553,24255.0,0.444,38,740.0,0,0,0.701,0,Core
1554,26163.0,0.116,42,731.0,0,0,0.257,0,Core
1555,18369.0,0.431,46,701.0,0,0,0.268,0,Value
1556,23863.0,0.29,32,750.0,0,0,0.385,0,Value
1557,23040.0,0.295,46,551.0,1,1,0.585,0,Core
1558,38950.0,0.369,55,664.0,1,0,0.6,0,Core
1559,39466.0,0.39,32,663.0,1,0,0.27,0,Core
1560,28253.0,0.221,49,743.0,0,0,0.358,0,Core
1561,25920.0,0.406,55,766.0,0,0,0.371,0,HighRisk
1562,31225.0,0.334,46,600.0,1,0,0.51,0,HighRisk
1563,22341.0,0.169,35,758.0,0,0,0.987,0,Value
1564,19903.0,0.3,48,616.0,0,0,0.345,0,Core
1565,21395.0,0.486,59,617.0,1,0,0.335,0,Core
1566,23809.0,0.521,31,667.0,1,0,0.301,0,HighRisk
1567,19787.0,0.406,49,662.0,0,0,0.69,0,HighRisk
1568,31468.0,0.177,54,594.0,1,0,0.541,0,Core
1569,38384.0,0.379,36,716.0,0,0,0.353,0,Value
1570,17060.0,0.422,39,717.0,1,0,0.47,0,Core
1571,29995.0,0.407,64,738.0,0,0,0.376,0,Core
1572,27530.0,0.414,38,656.0,0,0,0.615,0,HighRisk
1573,33508.0,0.364,50,678.0,0,0,1.141,0,HighRisk
1574,29598.0,0.311,28,678.0,0,0,0.671,0,HighRisk
1575,17876.0,0.247,66,773.0,0,1,0.53,0,Core
1576,19114.0,0.092,50,524.0,0,1,0.404,0,Core
1577,30040.0,0.361,58,627.0,0,0,0.254,0,HighRisk
1578,42620.0,0.342,50,680.0,0,0,0.711,0,Value
1579,15000.0,0.387,38,620.0,1,0,0.699,0,Core
1580,33557.0,0.159,37,666.0,0,0,0.447,0,Core
1581,45088.0,0.397,55,673.0,0,0,0.817,0,Core
1582,28182.0,0.567,63,644.0,0,0,0.555,0,Value
1583,36047.0,0.329,27,684.0,1,0,0.72,0,HighRisk
1584,23247.0,0.313,62,715.0,0,1,0.615,0,Core
1585,28516.0,0.357,61,667.0,0,0,0.511,0,Core
1586,16860.0,0.564,26,655.0,1,0,0.34,0,Core
1587,15000.0,0.197,26,671.0,1,0,0.518,0,Value
1588,41356.0,0.344,55,680.0,0,0,0.735,0,Core
1589,21063.0,0.224,62,584.0,0,0,0.438,0,Core
1590,25351.0,0.254,40,705.0,0,0,0.647,0,Value
1591,18302.0,0.314,52,655.0,1,1,0.312,0,Core
1592,18152.0,0.482,69,749.0,0,0,0.722,0,Value
1593,27978.0,0.536,36,713.0,0,0,0.619,0,Value
1594,23032.0,0.374,32,744.0,0,0,0.286,0,Core
1595,33938.0,0.275,69,624.0,0,0,0.501,0,Value
1596,34835.0,0.619,34,660.0,0,0,0.755,0,Value
1597,33266.0,0.269,44,612.0,0,0,0.273,0,Value
1598,32322.0,0.251,42,641.0,0,0,0.314,0,Value
1599,51649.0,0.107,46,749.0,0,0,0.535,0,Core
1600,20462.0,0.488,34,762.0,0,0,1.019,0,Core
1601,29166.0,0.436,54,617.0,0,0,0.402,0,Core
1602,44198.0,0.61,54,655.0,0,0,0.659,0,Core
1603,46286.0,0.153,30,676.0,0,0,0.607,0,Core
1604,18077.0,0.495,44,712.0,0,0,0.42,0,Core
1605,26653.0,0.328,23,583.0,1,0,0.585,0,Value
1606,47827.0,0.417,31,592.0,0,0,0.451,0,Core
1607,35519.0,0.122,69,707.0,0,0,0.471,0,HighRisk
1608,31836.0,0.496,45,573.0,0,0,0.185,0,Value
1609,27551.0,0.414,51,655.0,0,1,0.545,0,Core
1610,25995.0,0.315,64,689.0,0,1,0.748,0,Value
1611,32888.0,0.397,55,703.0,0,0,0.563,0,Core
1612,27219.0,0.228,59,672.0,1,0,0.79,0,HighRisk
1613,29293.0,0.25,55,660.0,0,0,0.678,0,HighRisk
1614,30562.0,0.264,45,726.0,0,0,0.537,0,Value
1615,23451.0,0.098,51,696.0,0,0,0.412,0,Value
1616,35819.0,0.423,35,644.0,0,0,0.443,0,HighRisk
1617,82453.0,0.463,64,682.0,0,0,0.226,0,Value
1618,15963.0,0.236,29,701.0,0,0,0.491,0,HighRisk
1619,33303.0,0.362,64,775.0,0,0,0.582,0,Core
1620,22787.0,0.288,64,723.0,1,0,0.927,0,HighRisk
1621,36392.0,0.359,27,747.0,1,0,0.666,0,Value
1622,30221.0,0.245,55,646.0,0,0,0.36,0,Core
1623,38818.0,0.214,69,651.0,0,0,0.233,0,HighRisk
1624,44866.0,0.446,49,667.0,0,0,0.505,0,Value
1625,31804.0,0.312,37,672.0,0,0,0.729,0,HighRisk
1626,44188.0,0.563,64,625.0,0,0,0.501,0,Core
1627,15000.0,0.326,46,750.0,0,0,0.669,0,Value
1628,51878.0,0.209,26,729.0,1,0,0.51,0,Value
1629,33903.0,0.467,33,663.0,0,0,0.708,0,Core
1630,43358.0,0.396,54,715.0,0,0,0.199,0,Value
1631,19400.0,0.407,43,692.0,0,0,0.903,0,Value
1632,22231.0,0.463,31,720.0,0,0,0.305,0,Core
1633,31291.0,0.242,60,606.0,0,0,0.725,0,Value
1634,29556.0,0.305,26,672.0,1,0,0.49,0,Core
1635,32829.0,0.299,31,677.0,0,1,0.525,0,Value
1636,43459.0,0.165,43,714.0,0,0,0.497,0,HighRisk
1637,16029.0,0.288,22,645.0,1,0,0.606,0,Core
1638,41808.0,0.48,39,543.0,0,0,0.651,0,Core
1639,29819.0,0.348,65,621.0,0,0,0.783,0,Core
1640,27686.0,0.158,67,677.0,0,0,0.86,0,Core
1641,17767.0,0.133,63,684.0,0,1,0.623,0,HighRisk
1642,35457.0,0.52,36,773.0,0,0,0.927,0,Core
1643,15000.0,0.309,24,712.0,1,0,0.57,0,Core
1644,37307.0,0.242,60,684.0,0,1,0.787,0,Core
1645,17637.0,0.287,39,678.0,0,0,0.644,0,Value
1646,30294.0,0.143,57,741.0,0,0,0.429,0,Value
1647,28518.0,0.491,26,648.0,1,0,0.59,0,Core
1648,44772.0,0.273,53,672.0,0,0,0.661,0,Core
1649,27930.0,0.484,49,620.0,1,1,0.543,0,Core
1650,23320.0,0.326,66,758.0,0,0,0.641,0,Core
1651,24902.0,0.492,25,702.0,1,0,0.74,0,Core
1652,46421.0,0.351,40,641.0,0,0,0.545,0,Value
1653,35872.0,0.422,69,674.0,1,0,0.02,0,Core
1654,25979.0,0.406,40,708.0,0,0,0.919,0,Core
1655,27371.0,0.395,53,666.0,0,0,0.485,0,Value
1656,17180.0,0.362,28,651.0,0,0,0.369,0,Value
1657,34063.0,0.292,56,644.0,1,0,0.303,0,Core
1658,16060.0,0.55,34,699.0,0,0,0.476,0,Core
1659,38682.0,0.211,49,660.0,0,0,0.426,0,Value
1660,31102.0,0.321,64,655.0,0,1,0.388,0,Core
1661,68558.0,0.322,53,607.0,0,0,0.4,0,Value
1662,20231.0,0.368,44,684.0,0,0,0.667,0,Value
1663,28683.0,0.268,30,670.0,0,0,0.997,0,HighRisk
1664,55793.0,0.358,37,662.0,0,0,0.731,0,Core
1665,45116.0,0.3,62,691.0,0,0,0.797,0,Core
1666,23303.0,0.13,31,721.0,0,0,0.467,0,HighRisk
1667,32157.0,0.321,53,719.0,0,0,0.573,0,Core
1668,29753.0,0.188,44,710.0,0,0,0.644,0,Core
1669,32816.0,0.112,36,667.0,0,0,0.405,0,Value
1670,23283.0,0.336,56,649.0,0,0,0.456,0,Core
1671,28817.0,0.379,38,623.0,0,1,0.738,0,Value
1672,16995.0,0.383,35,647.0,0,0,0.79,0,HighRisk
1673,31173.0,0.388,46,681.0,0,0,0.565,0,Value
1674,34805.0,0.088,58,637.0,0,0,0.287,0,Core
1675,27458.0,0.157,63,685.0,0,0,0.485,0,HighRisk
1676,16894.0,0.557,51,627.0,0,0,0.233,0,Value
1677,42024.0,0.194,53,589.0,0,0,0.567,0,Core
1678,33779.0,0.393,59,725.0,0,0,0.606,0,Value
1679,23061.0,0.238,34,654.0,0,0,0.49,0,Core
1680,26951.0,0.33,33,634.0,0,0,0.603,0,Core
1681,17584.0,0.244,44,620.0,1,0,0.642,0,Value
1682,20767.0,0.387,51,703.0,0,0,0.607,0,Core
1683,24631.0,0.336,52,756.0,1,0,0.286,0,Core
1684,45704.0,0.266,28,658.0,0,0,0.494,0,Value
1685,23770.0,0.194,59,668.0,0,0,0.64,0,Core
1686,37200.0,0.352,38,739.0,1,0,0.897,0,Core
1687,24627.0,0.174,63,580.0,0,0,0.49,0,Core
1688,32428.0,0.371,56,788.0,0,0,0.671,0,Value
1689,28297.0,0.635,69,814.0,0,0,0.743,0,HighRisk
1690,40359.0,0.482,51,531.0,0,0,0.507,0,Core
1691,24657.0,0.406,46,675.0,0,0,0.803,0,Value
1692,17148.0,0.31,30,640.0,1,0,0.814,1,Core
1693,18330.0,0.087,40,665.0,1,0,0.854,0,Core
1694,24682.0,0.161,63,657.0,0,0,0.651,0,Core
1695,19203.0,0.474,39,725.0,0,0,1.069,0,Core
1696,34323.0,0.225,23,674.0,1,1,0.415,0,Core
1697,25260.0,0.236,33,630.0,0,0,1.017,0,Value
1698,68262.0,0.3,50,671.0,0,0,0.719,0,Value
1699,16184.0,0.193,51,708.0,0,0,0.845,0,HighRisk
1700,31929.0,0.173,69,615.0,0,0,0.48,0,HighRisk
1701,20035.0,0.314,66,589.0,0,0,0.736,0,Core
1702,25017.0,0.213,47,790.0,1,0,0.864,0,Core
1703,31241.0,0.231,48,645.0,1,0,0.311,0,Core
1704,15000.0,0.226,60,672.0,0,0,0.514,0,Core
1705,32302.0,0.383,23,658.0,1,0,0.079,0,HighRisk
1706,57874.0,0.292,50,710.0,0,0,0.511,0,Core
1707,25369.0,0.299,44,778.0,0,0,0.37,0,Core
1708,32563.0,0.392,59,712.0,0,0,0.502,0,Core
1709,42562.0,0.303,60,596.0,0,0,1.193,0,HighRisk
1710,28074.0,0.287,53,604.0,0,0,0.928,0,Core
1711,24262.0,0.376,53,658.0,0,0,0.233,0,Value
1712,15000.0,0.4,54,665.0,0,0,0.672,0,Core
1713,37211.0,0.302,49,585.0,0,0,0.726,0,Core
1714,28578.0,0.33,32,725.0,0,0,0.476,0,Core
1715,20859.0,0.226,34,620.0,1,0,0.589,0,Value
1716,31080.0,0.217,57,762.0,0,0,0.611,0,Value
1717,24239.0,0.412,51,780.0,1,0,0.254,0,Core
1718,24712.0,0.373,32,666.0,0,0,0.323,0,Core
1719,36761.0,0.375,64,704.0,0,0,0.588,0,Core
1720,18612.0,0.354,69,612.0,0,1,0.572,0,Core
1721,42897.0,0.326,51,714.0,0,0,0.394,0,Core
1722,18230.0,0.404,32,653.0,0,0,0.375,0,Core
1723,23578.0,0.432,66,620.0,1,0,0.53,0,Value
1724,58281.0,0.429,32,664.0,0,0,0.745,0,Value
1725,44116.0,0.308,42,654.0,1,1,0.533,0,Value
1726,30766.0,0.486,63,662.0,0,0,0.907,0,Value
1727,21393.0,0.347,46,732.0,0,0,0.397,0,HighRisk
1728,24705.0,0.396,32,637.0,0,0,0.592,0,HighRisk
1729,30505.0,0.354,24,775.0,1,0,0.472,0,Core
1730,30126.0,0.35,38,607.0,0,0,0.679,0,Core
1731,28802.0,0.232,53,769.0,0,0,0.378,0,Core
1732,29413.0,0.404,56,624.0,0,0,0.974,0,HighRisk
1733,27583.0,0.661,31,680.0,0,0,0.178,0,Core
1734,17949.0,0.275,28,653.0,1,0,0.927,0,Core
1735,24815.0,0.329,55,661.0,0,0,0.57,0,Core
1736,40950.0,0.266,28,724.0,0,0,0.672,0,Value
1737,18418.0,0.261,24,762.0,1,0,0.844,0,Value
1738,27824.0,0.505,44,745.0,0,0,0.739,0,Value
1739,22317.0,0.239,48,658.0,0,0,0.389,0,Value
1740,30914.0,0.263,32,690.0,1,0,0.682,0,HighRisk
1741,25951.0,0.13,31,637.0,0,0,0.961,0,Core
1742,49866.0,0.229,32,625.0,0,0,0.355,0,HighRisk
1743,35501.0,0.115,37,617.0,0,0,1.016,0,Value
1744,18786.0,0.396,21,656.0,1,0,0.635,0,Core
1745,37606.0,0.656,21,694.0,1,0,0.455,0,HighRisk
1746,22672.0,0.276,39,575.0,1,1,0.353,0,HighRisk
1747,24296.0,0.12,21,677.0,1,0,0.501,0,Value
1748,33184.0,0.428,36,763.0,0,0,0.12,0,HighRisk
1749,25031.0,0.233,49,742.0,0,0,0.459,0,Core
1750,40640.0,0.476,22,648.0,1,0,0.492,0,Core
1751,22673.0,0.286,51,603.0,0,0,0.314,0,Core
1752,23942.0,0.244,51,705.0,0,0,0.715,0,HighRisk
1753,23630.0,0.299,49,553.0,0,0,0.502,0,Value
1754,24392.0,0.411,51,741.0,0,0,0.41,0,HighRisk
1755,43683.0,0.293,60,668.0,0,0,0.478,0,Value
1756,37052.0,0.26,24,781.0,1,0,0.628,0,Value
1757,54094.0,0.296,29,585.0,0,0,0.566,0,Core
1758,65754.0,0.167,36,730.0,0,0,0.396,0,Core
1759,20728.0,0.368,54,674.0,0,0,0.578,0,Core
1760,30475.0,0.106,63,662.0,0,1,0.539,0,Value
1761,19699.0,0.267,66,605.0,0,0,0.299,0,Core
1762,22648.0,0.411,49,713.0,0,0,0.487,0,HighRisk
1763,23848.0,0.356,41,717.0,0,0,0.677,0,Value
1764,20537.0,0.391,41,778.0,0,0,0.676,0,Core
1765,20575.0,0.312,23,735.0,1,1,0.499,0,HighRisk
1766,28268.0,0.46,43,647.0,0,1,0.699,0,Value
1767,19422.0,0.431,46,625.0,0,0,0.334,0,Value
1768,39924.0,0.374,31,605.0,0,0,0.341,0,Core
1769,21564.0,0.431,58,761.0,0,0,0.495,0,Core
1770,79487.0,0.41,60,637.0,0,0,0.879,0,Core
1771,25388.0,0.267,35,761.0,0,0,0.586,0,Core
1772,30492.0,0.159,65,709.0,0,0,0.489,0,Value
1773,18895.0,0.37,26,698.0,1,0,0.89,0,HighRisk
1774,54021.0,0.386,65,663.0,0,0,0.487,0,HighRisk
1775,43995.0,0.451,58,716.0,0,0,1.042,0,Core
1776,32989.0,0.208,31,679.0,0,0,0.438,0,HighRisk
1777,18557.0,0.211,52,660.0,0,0,0.327,0,Core
1778,32008.0,0.375,36,718.0,0,1,0.513,0,Core
1779,20080.0,0.311,60,672.0,0,0,0.495,0,Value
1780,49604.0,0.094,28,636.0,0,0,0.372,0,HighRisk
1781,39467.0,0.365,33,713.0,0,0,1.122,0,HighRisk
1782,30743.0,0.098,36,676.0,0,0,0.62,0,Value
1783,15000.0,0.207,30,707.0,1,0,0.652,0,Core
1784,21074.0,0.482,37,655.0,0,0,0.448,0,Core
1785,37825.0,0.539,50,613.0,0,0,0.423,0,Core
1786,45456.0,0.174,52,775.0,0,0,0.776,0,Value
1787,43836.0,0.28,48,765.0,0,0,0.181,0,Core
1788,17031.0,0.325,30,729.0,1,0,0.299,0,Core
1789,33042.0,0.534,30,659.0,0,0,0.496,0,Core
1790,42422.0,0.261,66,663.0,0,1,0.847,0,Value
1791,16640.0,0.263,33,756.0,1,0,0.468,0,Value
1792,29650.0,0.506,26,661.0,1,1,0.642,0,Core
1793,32723.0,0.275,43,645.0,1,0,0.556,0,Core
1794,26762.0,0.407,21,783.0,1,0,0.835,0,Value
1795,15549.0,0.143,37,677.0,0,1,0.201,0,Value
1796,26529.0,0.299,62,777.0,0,1,0.712,0,Core
1797,26514.0,0.121,34,603.0,1,1,0.506,0,Core
1798,28231.0,0.193,55,709.0,0,0,0.753,0,HighRisk
1799,24411.0,0.421,45,794.0,0,0,0.37,0,Value
1800,25462.0,0.314,38,682.0,0,0,0.555,0,Core
1801,29322.0,0.282,53,665.0,0,0,0.527,0,Value
1802,34713.0,0.23,50,616.0,0,1,0.329,0,Value
1803,26728.0,0.294,36,740.0,0,0,0.268,0,Core
1804,25761.0,0.356,31,638.0,0,0,0.422,0,Core
1805,30709.0,0.438,65,675.0,0,1,0.579,0,HighRisk
1806,15179.0,0.05,29,612.0,0,1,0.383,0,Core
1807,35135.0,0.22,68,766.0,0,1,0.477,0,Core
1808,29727.0,0.339,44,744.0,0,0,0.135,0,Value
1809,30149.0,0.308,69,678.0,1,0,0.468,0,Core
1810,41617.0,0.368,38,617.0,0,1,0.775,0,Value
1811,15011.0,0.352,48,764.0,0,0,0.705,0,Core
1812,15000.0,0.283,51,660.0,0,0,0.531,0,Core
1813,32723.0,0.257,37,619.0,0,1,0.604,0,Core
1814,29659.0,0.291,31,583.0,0,0,0.368,0,HighRisk
1815,31557.0,0.458,46,644.0,0,0,0.907,0,Value
1816,25292.0,0.232,53,600.0,0,0,1.005,0,Value
1817,37516.0,0.312,33,646.0,0,0,0.586,0,Core
1818,41209.0,0.342,58,721.0,0,1,1.12,0,Value
1819,35221.0,0.507,52,659.0,0,0,0.4,0,Core
1820,27139.0,0.284,29,700.0,0,0,0.275,0,Value
1821,15000.0,0.435,66,640.0,0,0,0.394,0,Core
1822,38919.0,0.468,23,684.0,1,0,0.502,0,Value
1823,45597.0,0.312,53,786.0,0,1,1.059,0,Core
1824,37257.0,0.295,42,661.0,1,0,0.488,0,Core
1825,21854.0,0.281,53,701.0,0,0,0.361,0,Value
1826,37640.0,0.289,58,594.0,1,0,0.352,0,Core
1827,40182.0,0.423,54,764.0,1,0,0.801,0,Core
1828,51307.0,0.348,52,654.0,0,0,0.769,0,HighRisk
1829,21881.0,0.348,62,738.0,0,0,0.443,0,Core
1830,27467.0,0.185,55,673.0,0,0,0.137,0,Value
1831,38621.0,0.204,60,714.0,0,0,0.302,0,Value
1832,30336.0,0.577,40,717.0,0,0,0.929,0,Value
1833,20109.0,0.299,30,655.0,0,0,0.702,0,Core
1834,34376.0,0.227,32,740.0,0,0,0.564,0,Value
1835,36408.0,0.492,50,638.0,0,0,0.961,0,Core
1836,30662.0,0.354,47,723.0,0,0,0.981,0,Core
1837,32108.0,0.389,24,659.0,1,0,0.542,0,Value
1838,27159.0,0.303,31,699.0,0,1,0.546,0,HighRisk
1839,49881.0,0.282,68,655.0,1,0,0.422,0,Core
1840,21693.0,0.3,56,683.0,0,0,0.487,0,Core
1841,24208.0,0.154,57,621.0,0,0,0.223,0,Value
1842,29847.0,0.309,30,694.0,0,0,0.222,0,Core
1843,40442.0,0.356,24,682.0,1,0,0.171,0,Value
1844,17605.0,0.542,35,650.0,0,0,0.789,0,Core
1845,18796.0,0.33,62,677.0,0,0,0.206,0,Core
1846,15000.0,0.05,45,687.0,0,0,0.979,0,Value
1847,30075.0,0.309,59,646.0,0,0,0.389,0,HighRisk
1848,20102.0,0.649,44,673.0,0,0,0.932,0,Core
1849,25988.0,0.424,45,625.0,0,0,0.47,0,HighRisk
1850,37477.0,0.223,50,809.0,0,1,0.205,0,Core
1851,23753.0,0.391,67,738.0,0,0,0.832,0,Core
1852,32240.0,0.231,42,695.0,0,0,0.858,0,Core
1853,26775.0,0.158,50,744.0,0,0,0.351,0,Core
1854,37618.0,0.278,66,571.0,1,1,0.477,0,Value
1855,35112.0,0.331,39,539.0,1,0,0.351,0,Core
1856,23338.0,0.095,62,658.0,0,0,0.523,0,Core
1857,28028.0,0.182,47,604.0,1,0,0.574,0,Core
1858,42844.0,0.321,64,667.0,0,0,0.473,0,Value
1859,34121.0,0.271,43,691.0,0,0,0.15,0,HighRisk
1860,18234.0,0.367,51,731.0,1,0,0.422,0,Core
1861,37402.0,0.174,36,617.0,0,0,0.705,0,Core
1862,20341.0,0.406,52,702.0,0,0,0.504,0,HighRisk
1863,48746.0,0.178,36,681.0,0,0,0.478,0,Core
1864,42550.0,0.517,50,699.0,0,0,0.345,0,Value
1865,32908.0,0.114,59,651.0,0,1,0.416,0,Value
1866,31415.0,0.189,42,756.0,0,0,0.86,0,HighRisk
1867,27635.0,0.37,42,674.0,0,0,0.299,0,Core
1868,37703.0,0.52,36,778.0,0,0,0.709,0,Core
1869,26114.0,0.358,56,637.0,0,0,0.56,0,Core
1870,32288.0,0.388,50,721.0,0,0,0.604,0,Core
1871,40343.0,0.322,46,677.0,0,0,0.389,0,Core
1872,24425.0,0.197,22,662.0,1,1,0.473,0,HighRisk
1873,23965.0,0.261,26,715.0,1,1,0.549,0,Core
1874,19574.0,0.175,21,664.0,1,0,0.435,0,Core
1875,20485.0,0.167,62,534.0,0,0,0.623,0,Core
1876,15679.0,0.368,62,512.0,0,0,0.651,0,Core
1877,38386.0,0.185,24,750.0,1,0,1.028,0,Core
1878,56001.0,0.358,23,748.0,1,0,0.611,0,Core
1879,48965.0,0.164,59,784.0,1,0,0.129,0,Value
1880,16829.0,0.356,46,679.0,1,1,0.806,0,Value
1881,38319.0,0.261,36,609.0,0,0,0.505,0,Core
1882,48910.0,0.489,51,657.0,0,0,0.993,0,Value
1883,25339.0,0.359,32,681.0,0,1,0.874,0,Core
1884,30807.0,0.468,30,625.0,0,0,0.439,0,Core
1885,15000.0,0.229,39,771.0,0,0,0.709,0,HighRisk
1886,32642.0,0.327,64,803.0,0,1,0.419,0,HighRisk
1887,20491.0,0.202,58,706.0,0,0,0.551,0,Core
1888,31884.0,0.27,30,679.0,0,0,0.699,0,Core
1889,17216.0,0.289,48,609.0,0,0,0.795,0,Core
1890,35954.0,0.233,64,765.0,1,0,0.747,0,Core
1891,42556.0,0.174,67,684.0,1,1,0.566,0,Value
1892,22604.0,0.15,58,664.0,1,0,1.096,0,Core
1893,19972.0,0.05,27,706.0,1,0,0.47,0,HighRisk
1894,15000.0,0.193,32,648.0,0,0,0.196,0,Value
1895,27086.0,0.395,31,688.0,0,0,0.239,0,Core
1896,24257.0,0.128,28,601.0,1,0,0.874,0,HighRisk
1897,17277.0,0.156,29,740.0,0,0,0.533,0,Value
1898,34841.0,0.535,36,674.0,0,0,0.585,0,Core
1899,25400.0,0.244,48,744.0,0,0,0.431,0,Core
1900,20404.0,0.359,40,669.0,0,0,0.45,0,HighRisk
1901,24487.0,0.397,41,673.0,1,0,0.377,0,HighRisk
1902,43259.0,0.4,33,613.0,0,0,0.654,0,Core
1903,36718.0,0.137,28,722.0,0,0,0.529,0,Value
1904,28410.0,0.292,69,632.0,0,0,0.646,0,HighRisk
1905,36927.0,0.126,50,653.0,0,0,0.625,0,HighRisk
1906,19805.0,0.614,32,680.0,0,0,0.456,0,Core
1907,30071.0,0.129,60,687.0,0,0,0.229,0,Core
1908,31306.0,0.194,61,586.0,0,0,0.21,0,HighRisk
1909,25224.0,0.195,68,667.0,1,1,1.216,0,Core
1910,34628.0,0.14,28,724.0,0,0,0.875,0,Core
1911,22626.0,0.482,52,659.0,0,0,0.845,0,Value
1912,35541.0,0.611,69,668.0,0,0,0.402,0,Core
1913,36068.0,0.263,60,689.0,0,0,0.552,0,Value
1914,15000.0,0.162,32,673.0,0,0,0.371,1,Core
1915,45099.0,0.052,64,623.0,0,0,0.261,0,Value
1916,15000.0,0.291,41,678.0,0,0,0.42,0,Core
1917,23966.0,0.282,44,735.0,0,0,0.842,0,Value
1918,42569.0,0.242,48,622.0,0,0,0.735,0,Core
1919,26608.0,0.347,58,659.0,0,0,0.337,0,Core
1920,17798.0,0.367,26,604.0,1,0,0.481,0,HighRisk
1921,20276.0,0.359,47,732.0,0,1,0.715,0,Value
1922,42592.0,0.282,61,675.0,0,0,0.424,0,Core
1923,15176.0,0.188,47,633.0,0,0,0.568,0,Core
1924,44141.0,0.4,34,685.0,0,0,0.638,0,Value
1925,29165.0,0.322,23,614.0,1,1,0.636,0,HighRisk
1926,19588.0,0.427,47,623.0,1,0,0.606,0,Core
1927,24244.0,0.415,55,600.0,0,0,0.406,0,HighRisk
1928,20826.0,0.149,47,621.0,0,0,0.429,0,Core
1929,40263.0,0.148,68,755.0,1,0,0.301,0,Value
1930,38421.0,0.229,50,640.0,0,0,0.207,0,Core
1931,16290.0,0.193,45,706.0,0,0,0.525,0,Core
1932,25816.0,0.411,23,634.0,1,0,0.73,0,HighRisk
1933,21980.0,0.362,48,722.0,1,0,0.246,0,Core
1934,46757.0,0.452,29,624.0,0,0,0.61,0,HighRisk
1935,18536.0,0.368,56,682.0,1,0,0.723,0,Core
1936,52129.0,0.345,28,683.0,1,1,0.146,0,Core
1937,29388.0,0.464,65,808.0,0,0,0.49,0,HighRisk
1938,19798.0,0.376,35,715.0,0,0,0.912,0,Value
1939,23458.0,0.328,42,647.0,0,0,0.671,0,Core
1940,22459.0,0.498,28,718.0,0,0,0.138,0,Value
1941,19032.0,0.334,31,798.0,0,0,0.695,0,Core
1942,30736.0,0.283,66,590.0,0,0,0.385,0,HighRisk
1943,19346.0,0.219,34,634.0,1,0,0.702,0,Core
1944,15000.0,0.404,46,667.0,0,0,0.398,0,Core
1945,26033.0,0.468,69,657.0,0,0,0.538,0,Core
1946,15820.0,0.314,51,662.0,0,0,0.432,0,Value
1947,22851.0,0.477,23,608.0,1,0,0.551,0,HighRisk
1948,21630.0,0.084,38,757.0,0,0,0.425,0,Value
1949,21918.0,0.313,39,602.0,0,0,0.501,0,Core
1950,59894.0,0.315,34,669.0,0,0,0.291,0,Core
1951,30325.0,0.233,32,738.0,0,0,0.658,0,Core
1952,32399.0,0.606,45,678.0,0,0,0.589,0,HighRisk
1953,15967.0,0.312,39,626.0,0,0,0.194,1,Core
1954,23650.0,0.271,35,606.0,0,0,0.768,0,Value
1955,32060.0,0.323,41,667.0,0,0,0.511,0,Core
1956,20773.0,0.08,37,638.0,0,0,0.586,0,HighRisk
1957,40857.0,0.229,32,691.0,0,0,0.718,0,Core
1958,19517.0,0.438,43,603.0,0,0,0.622,0,Core
1959,26897.0,0.245,67,725.0,0,0,0.806,0,HighRisk
1960,24219.0,0.221,45,686.0,0,0,0.485,0,HighRisk
1961,31493.0,0.477,50,690.0,0,0,0.778,0,Value
1962,23762.0,0.481,69,759.0,0,0,0.577,0,Value
1963,27043.0,0.382,51,656.0,0,0,0.662,0,Value
1964,27374.0,0.265,31,640.0,0,0,0.639,0,Core
1965,22993.0,0.291,40,650.0,0,0,0.823,0,Core
1966,35235.0,0.224,44,669.0,0,0,0.709,0,Value
1967,32320.0,0.201,44,675.0,0,0,0.453,0,Value
1968,28825.0,0.195,28,634.0,0,0,0.409,0,Core
1969,25574.0,0.246,26,569.0,1,0,0.539,0,Core
1970,39293.0,0.196,38,649.0,0,0,0.383,0,Value
1971,27377.0,0.132,65,700.0,0,1,0.319,0,Core
1972,26706.0,0.346,56,687.0,0,0,0.082,0,Value
1973,30842.0,0.348,62,746.0,0,0,0.209,0,Value
1974,53842.0,0.524,29,788.0,0,0,0.987,0,Core
1975,18599.0,0.24,41,722.0,0,1,0.406,0,Core
1976,38927.0,0.356,49,756.0,0,0,0.969,0,Core
1977,15327.0,0.358,42,722.0,0,0,0.639,0,Core
1978,32082.0,0.29,41,774.0,0,0,0.539,0,Value
1979,51600.0,0.409,38,782.0,0,0,0.22,0,Value
1980,35279.0,0.413,23,732.0,1,0,0.551,0,HighRisk
1981,31562.0,0.359,63,719.0,1,0,0.966,0,Core
1982,24437.0,0.289,66,669.0,0,0,0.893,0,Value
1983,30057.0,0.277,24,678.0,1,0,0.61,0,Core
1984,27222.0,0.156,41,661.0,0,1,0.297,0,Value
1985,22582.0,0.223,46,714.0,1,0,0.339,0,Core
1986,26864.0,0.245,59,640.0,0,1,0.362,0,Value
1987,31870.0,0.185,69,669.0,0,0,0.831,0,Core
1988,22731.0,0.373,41,550.0,0,1,0.909,0,Core
1989,22422.0,0.464,57,775.0,0,0,0.593,0,HighRisk
1990,18470.0,0.211,66,668.0,1,0,0.483,0,Core
1991,34090.0,0.354,61,705.0,0,0,0.891,0,Core
1992,35985.0,0.196,35,760.0,0,0,0.335,0,Value
1993,32244.0,0.283,61,697.0,0,0,0.561,0,Core
1994,41681.0,0.237,41,759.0,0,0,0.652,0,Core
1995,30661.0,0.392,21,612.0,1,0,0.36,0,Core
1996,34105.0,0.239,58,812.0,0,0,0.41,0,Core
1997,33069.0,0.441,61,740.0,0,0,0.393,0,HighRisk
1998,28795.0,0.291,37,692.0,0,0,0.862,0,Value
1999,24691.0,0.242,43,758.0,0,0,0.971,0,Core
2000,64534.0,0.17,38,616.0,1,0,0.575,0,Core
